D:\mtrie\OneDrive\Documents\IT\python\CNN train\IMG\center_2024_02_17_22_36_25_358.jpg,D:\mtrie\OneDrive\Documents\IT\python\CNN train\IMG\left_2024_02_17_22_36_25_358.jpg,D:\mtrie\OneDrive\Documents\IT\python\CNN train\IMG\right_2024_02_17_22_36_25_358.jpg,0,0,0,8.519735E-06
D:\mtrie\OneDrive\Documents\IT\python\CNN train\IMG\center_2024_02_17_22_36_25_427.jpg,D:\mtrie\OneDrive\Documents\IT\python\CNN train\IMG\left_2024_02_17_22_36_25_427.jpg,D:\mtrie\OneDrive\Documents\IT\python\CNN train\IMG\right_2024_02_17_22_36_25_427.jpg,0,0,0,1.02494E-05
D:\mtrie\OneDrive\Documents\IT\python\CNN train\IMG\center_2024_02_17_22_36_25_498.jpg,D:\mtrie\OneDrive\Documents\IT\python\CNN train\IMG\left_2024_02_17_22_36_25_498.jpg,D:\mtrie\OneDrive\Documents\IT\python\CNN train\IMG\right_2024_02_17_22_36_25_498.jpg,0,0,0,5.633127E-06
D:\mtrie\OneDrive\Documents\IT\python\CNN train\IMG\center_2024_02_17_22_36_25_567.jpg,D:\mtrie\OneDrive\Documents\IT\python\CNN train\IMG\left_2024_02_17_22_36_25_567.jpg,D:\mtrie\OneDrive\Documents\IT\python\CNN train\IMG\right_2024_02_17_22_36_25_567.jpg,-0.05,0,0,2.936907E-05
D:\mtrie\OneDrive\Documents\IT\python\CNN train\IMG\center_2024_02_17_22_36_25_639.jpg,D:\mtrie\OneDrive\Documents\IT\python\CNN train\IMG\left_2024_02_17_22_36_25_639.jpg,D:\mtrie\OneDrive\Documents\IT\python\CNN train\IMG\right_2024_02_17_22_36_25_639.jpg,-0.2,0,0,1.221459E-05
D:\mtrie\OneDrive\Documents\IT\python\CNN train\IMG\center_2024_02_17_22_36_25_710.jpg,D:\mtrie\OneDrive\Documents\IT\python\CNN train\IMG\left_2024_02_17_22_36_25_710.jpg,D:\mtrie\OneDrive\Documents\IT\python\CNN train\IMG\right_2024_02_17_22_36_25_710.jpg,-0.4,0,0,2.247903E-05
D:\mtrie\OneDrive\Documents\IT\python\CNN train\IMG\center_2024_02_17_22_36_25_780.jpg,D:\mtrie\OneDrive\Documents\IT\python\CNN train\IMG\left_2024_02_17_22_36_25_780.jpg,D:\mtrie\OneDrive\Documents\IT\python\CNN train\IMG\right_2024_02_17_22_36_25_780.jpg,-0.5500001,0,0,1.167159E-05
D:\mtrie\OneDrive\Documents\IT\python\CNN train\IMG\center_2024_02_17_22_36_25_848.jpg,D:\mtrie\OneDrive\Documents\IT\python\CNN train\IMG\left_2024_02_17_22_36_25_848.jpg,D:\mtrie\OneDrive\Documents\IT\python\CNN train\IMG\right_2024_02_17_22_36_25_848.jpg,-0.7500002,0,0,3.235556E-06
D:\mtrie\OneDrive\Documents\IT\python\CNN train\IMG\center_2024_02_17_22_36_25_916.jpg,D:\mtrie\OneDrive\Documents\IT\python\CNN train\IMG\left_2024_02_17_22_36_25_916.jpg,D:\mtrie\OneDrive\Documents\IT\python\CNN train\IMG\right_2024_02_17_22_36_25_916.jpg,-0.9000002,0,0,1.803963E-05
D:\mtrie\OneDrive\Documents\IT\python\CNN train\IMG\center_2024_02_17_22_36_25_990.jpg,D:\mtrie\OneDrive\Documents\IT\python\CNN train\IMG\left_2024_02_17_22_36_25_990.jpg,D:\mtrie\OneDrive\Documents\IT\python\CNN train\IMG\right_2024_02_17_22_36_25_990.jpg,0,0,0,1.443679E-05
D:\mtrie\OneDrive\Documents\IT\python\CNN train\IMG\center_2024_02_17_22_36_26_061.jpg,D:\mtrie\OneDrive\Documents\IT\python\CNN train\IMG\left_2024_02_17_22_36_26_061.jpg,D:\mtrie\OneDrive\Documents\IT\python\CNN train\IMG\right_2024_02_17_22_36_26_061.jpg,-0.01041667,0,0,6.46237E-06
D:\mtrie\OneDrive\Documents\IT\python\CNN train\IMG\center_2024_02_17_22_36_26_132.jpg,D:\mtrie\OneDrive\Documents\IT\python\CNN train\IMG\left_2024_02_17_22_36_26_132.jpg,D:\mtrie\OneDrive\Documents\IT\python\CNN train\IMG\right_2024_02_17_22_36_26_132.jpg,0,0,0,1.473815E-05
D:\mtrie\OneDrive\Documents\IT\python\CNN train\IMG\center_2024_02_17_22_36_26_200.jpg,D:\mtrie\OneDrive\Documents\IT\python\CNN train\IMG\left_2024_02_17_22_36_26_200.jpg,D:\mtrie\OneDrive\Documents\IT\python\CNN train\IMG\right_2024_02_17_22_36_26_200.jpg,0,0,0,3.987788E-06
D:\mtrie\OneDrive\Documents\IT\python\CNN train\IMG\center_2024_02_17_22_36_26_268.jpg,D:\mtrie\OneDrive\Documents\IT\python\CNN train\IMG\left_2024_02_17_22_36_26_268.jpg,D:\mtrie\OneDrive\Documents\IT\python\CNN train\IMG\right_2024_02_17_22_36_26_268.jpg,0,0,0,1.696664E-05
D:\mtrie\OneDrive\Documents\IT\python\CNN train\IMG\center_2024_02_17_22_36_26_336.jpg,D:\mtrie\OneDrive\Documents\IT\python\CNN train\IMG\left_2024_02_17_22_36_26_336.jpg,D:\mtrie\OneDrive\Documents\IT\python\CNN train\IMG\right_2024_02_17_22_36_26_336.jpg,0,0,0,1.868758E-06
D:\mtrie\OneDrive\Documents\IT\python\CNN train\IMG\center_2024_02_17_22_36_26_406.jpg,D:\mtrie\OneDrive\Documents\IT\python\CNN train\IMG\left_2024_02_17_22_36_26_406.jpg,D:\mtrie\OneDrive\Documents\IT\python\CNN train\IMG\right_2024_02_17_22_36_26_406.jpg,-0.1,0,0,1.223612E-05
D:\mtrie\OneDrive\Documents\IT\python\CNN train\IMG\center_2024_02_17_22_36_26_477.jpg,D:\mtrie\OneDrive\Documents\IT\python\CNN train\IMG\left_2024_02_17_22_36_26_477.jpg,D:\mtrie\OneDrive\Documents\IT\python\CNN train\IMG\right_2024_02_17_22_36_26_477.jpg,-0.25,0,0,1.930443E-06
D:\mtrie\OneDrive\Documents\IT\python\CNN train\IMG\center_2024_02_17_22_36_26_549.jpg,D:\mtrie\OneDrive\Documents\IT\python\CNN train\IMG\left_2024_02_17_22_36_26_549.jpg,D:\mtrie\OneDrive\Documents\IT\python\CNN train\IMG\right_2024_02_17_22_36_26_549.jpg,-0.45,0,0,8.68355E-07
D:\mtrie\OneDrive\Documents\IT\python\CNN train\IMG\center_2024_02_17_22_36_26_617.jpg,D:\mtrie\OneDrive\Documents\IT\python\CNN train\IMG\left_2024_02_17_22_36_26_617.jpg,D:\mtrie\OneDrive\Documents\IT\python\CNN train\IMG\right_2024_02_17_22_36_26_617.jpg,-0.6000001,0,0,9.148298E-06
D:\mtrie\OneDrive\Documents\IT\python\CNN train\IMG\center_2024_02_17_22_36_26_685.jpg,D:\mtrie\OneDrive\Documents\IT\python\CNN train\IMG\left_2024_02_17_22_36_26_685.jpg,D:\mtrie\OneDrive\Documents\IT\python\CNN train\IMG\right_2024_02_17_22_36_26_685.jpg,-0.8000001,0,0,1.400896E-05
D:\mtrie\OneDrive\Documents\IT\python\CNN train\IMG\center_2024_02_17_22_36_26_754.jpg,D:\mtrie\OneDrive\Documents\IT\python\CNN train\IMG\left_2024_02_17_22_36_26_754.jpg,D:\mtrie\OneDrive\Documents\IT\python\CNN train\IMG\right_2024_02_17_22_36_26_754.jpg,-0.9500002,0,0,1.195637E-05
D:\mtrie\OneDrive\Documents\IT\python\CNN train\IMG\center_2024_02_17_22_36_26_821.jpg,D:\mtrie\OneDrive\Documents\IT\python\CNN train\IMG\left_2024_02_17_22_36_26_821.jpg,D:\mtrie\OneDrive\Documents\IT\python\CNN train\IMG\right_2024_02_17_22_36_26_821.jpg,-1,0,0,4.274886E-06
D:\mtrie\OneDrive\Documents\IT\python\CNN train\IMG\center_2024_02_17_22_36_26_889.jpg,D:\mtrie\OneDrive\Documents\IT\python\CNN train\IMG\left_2024_02_17_22_36_26_889.jpg,D:\mtrie\OneDrive\Documents\IT\python\CNN train\IMG\right_2024_02_17_22_36_26_889.jpg,-1,0,0,2.285032E-06
D:\mtrie\OneDrive\Documents\IT\python\CNN train\IMG\center_2024_02_17_22_36_26_958.jpg,D:\mtrie\OneDrive\Documents\IT\python\CNN train\IMG\left_2024_02_17_22_36_26_958.jpg,D:\mtrie\OneDrive\Documents\IT\python\CNN train\IMG\right_2024_02_17_22_36_26_958.jpg,-1,0,0,1.335216E-05
D:\mtrie\OneDrive\Documents\IT\python\CNN train\IMG\center_2024_02_17_22_36_27_028.jpg,D:\mtrie\OneDrive\Documents\IT\python\CNN train\IMG\left_2024_02_17_22_36_27_028.jpg,D:\mtrie\OneDrive\Documents\IT\python\CNN train\IMG\right_2024_02_17_22_36_27_028.jpg,-1,0,0,2.004918E-05
D:\mtrie\OneDrive\Documents\IT\python\CNN train\IMG\center_2024_02_17_22_36_27_097.jpg,D:\mtrie\OneDrive\Documents\IT\python\CNN train\IMG\left_2024_02_17_22_36_27_097.jpg,D:\mtrie\OneDrive\Documents\IT\python\CNN train\IMG\right_2024_02_17_22_36_27_097.jpg,-1,0,0,8.758095E-06
D:\mtrie\OneDrive\Documents\IT\python\CNN train\IMG\center_2024_02_17_22_36_27_167.jpg,D:\mtrie\OneDrive\Documents\IT\python\CNN train\IMG\left_2024_02_17_22_36_27_167.jpg,D:\mtrie\OneDrive\Documents\IT\python\CNN train\IMG\right_2024_02_17_22_36_27_167.jpg,0,0,0,1.773617E-05
D:\mtrie\OneDrive\Documents\IT\python\CNN train\IMG\center_2024_02_17_22_36_27_233.jpg,D:\mtrie\OneDrive\Documents\IT\python\CNN train\IMG\left_2024_02_17_22_36_27_233.jpg,D:\mtrie\OneDrive\Documents\IT\python\CNN train\IMG\right_2024_02_17_22_36_27_233.jpg,0,0,0,4.096183E-06
D:\mtrie\OneDrive\Documents\IT\python\CNN train\IMG\center_2024_02_17_22_36_27_307.jpg,D:\mtrie\OneDrive\Documents\IT\python\CNN train\IMG\left_2024_02_17_22_36_27_307.jpg,D:\mtrie\OneDrive\Documents\IT\python\CNN train\IMG\right_2024_02_17_22_36_27_307.jpg,0,0.15828,0,0.05360686
D:\mtrie\OneDrive\Documents\IT\python\CNN train\IMG\center_2024_02_17_22_36_27_375.jpg,D:\mtrie\OneDrive\Documents\IT\python\CNN train\IMG\left_2024_02_17_22_36_27_375.jpg,D:\mtrie\OneDrive\Documents\IT\python\CNN train\IMG\right_2024_02_17_22_36_27_375.jpg,0,0.3266175,0,0.2338777
D:\mtrie\OneDrive\Documents\IT\python\CNN train\IMG\center_2024_02_17_22_36_27_444.jpg,D:\mtrie\OneDrive\Documents\IT\python\CNN train\IMG\left_2024_02_17_22_36_27_444.jpg,D:\mtrie\OneDrive\Documents\IT\python\CNN train\IMG\right_2024_02_17_22_36_27_444.jpg,0,0.5688936,0,0.6912379
D:\mtrie\OneDrive\Documents\IT\python\CNN train\IMG\center_2024_02_17_22_36_27_512.jpg,D:\mtrie\OneDrive\Documents\IT\python\CNN train\IMG\left_2024_02_17_22_36_27_512.jpg,D:\mtrie\OneDrive\Documents\IT\python\CNN train\IMG\right_2024_02_17_22_36_27_512.jpg,0,0.7524309,0,1.142259
D:\mtrie\OneDrive\Documents\IT\python\CNN train\IMG\center_2024_02_17_22_36_27_582.jpg,D:\mtrie\OneDrive\Documents\IT\python\CNN train\IMG\left_2024_02_17_22_36_27_582.jpg,D:\mtrie\OneDrive\Documents\IT\python\CNN train\IMG\right_2024_02_17_22_36_27_582.jpg,0,0.9392781,0,1.760234
D:\mtrie\OneDrive\Documents\IT\python\CNN train\IMG\center_2024_02_17_22_36_27_648.jpg,D:\mtrie\OneDrive\Documents\IT\python\CNN train\IMG\left_2024_02_17_22_36_27_648.jpg,D:\mtrie\OneDrive\Documents\IT\python\CNN train\IMG\right_2024_02_17_22_36_27_648.jpg,0,1,0,2.654634
D:\mtrie\OneDrive\Documents\IT\python\CNN train\IMG\center_2024_02_17_22_36_27_719.jpg,D:\mtrie\OneDrive\Documents\IT\python\CNN train\IMG\left_2024_02_17_22_36_27_719.jpg,D:\mtrie\OneDrive\Documents\IT\python\CNN train\IMG\right_2024_02_17_22_36_27_719.jpg,0,1,0,3.357352
D:\mtrie\OneDrive\Documents\IT\python\CNN train\IMG\center_2024_02_17_22_36_27_789.jpg,D:\mtrie\OneDrive\Documents\IT\python\CNN train\IMG\left_2024_02_17_22_36_27_789.jpg,D:\mtrie\OneDrive\Documents\IT\python\CNN train\IMG\right_2024_02_17_22_36_27_789.jpg,0,1,0,4.298648
D:\mtrie\OneDrive\Documents\IT\python\CNN train\IMG\center_2024_02_17_22_36_27_857.jpg,D:\mtrie\OneDrive\Documents\IT\python\CNN train\IMG\left_2024_02_17_22_36_27_857.jpg,D:\mtrie\OneDrive\Documents\IT\python\CNN train\IMG\right_2024_02_17_22_36_27_857.jpg,0,1,0,4.997637
D:\mtrie\OneDrive\Documents\IT\python\CNN train\IMG\center_2024_02_17_22_36_27_926.jpg,D:\mtrie\OneDrive\Documents\IT\python\CNN train\IMG\left_2024_02_17_22_36_27_926.jpg,D:\mtrie\OneDrive\Documents\IT\python\CNN train\IMG\right_2024_02_17_22_36_27_926.jpg,-0.1,1,0,5.921635
D:\mtrie\OneDrive\Documents\IT\python\CNN train\IMG\center_2024_02_17_22_36_27_993.jpg,D:\mtrie\OneDrive\Documents\IT\python\CNN train\IMG\left_2024_02_17_22_36_27_993.jpg,D:\mtrie\OneDrive\Documents\IT\python\CNN train\IMG\right_2024_02_17_22_36_27_993.jpg,-0.25,1,0,6.600352
D:\mtrie\OneDrive\Documents\IT\python\CNN train\IMG\center_2024_02_17_22_36_28_065.jpg,D:\mtrie\OneDrive\Documents\IT\python\CNN train\IMG\left_2024_02_17_22_36_28_065.jpg,D:\mtrie\OneDrive\Documents\IT\python\CNN train\IMG\right_2024_02_17_22_36_28_065.jpg,-0.45,1,0,7.481346
D:\mtrie\OneDrive\Documents\IT\python\CNN train\IMG\center_2024_02_17_22_36_28_133.jpg,D:\mtrie\OneDrive\Documents\IT\python\CNN train\IMG\left_2024_02_17_22_36_28_133.jpg,D:\mtrie\OneDrive\Documents\IT\python\CNN train\IMG\right_2024_02_17_22_36_28_133.jpg,-0.6000001,1,0,8.121863
D:\mtrie\OneDrive\Documents\IT\python\CNN train\IMG\center_2024_02_17_22_36_28_199.jpg,D:\mtrie\OneDrive\Documents\IT\python\CNN train\IMG\left_2024_02_17_22_36_28_199.jpg,D:\mtrie\OneDrive\Documents\IT\python\CNN train\IMG\right_2024_02_17_22_36_28_199.jpg,-0.7500002,1,0,8.742002
D:\mtrie\OneDrive\Documents\IT\python\CNN train\IMG\center_2024_02_17_22_36_28_274.jpg,D:\mtrie\OneDrive\Documents\IT\python\CNN train\IMG\left_2024_02_17_22_36_28_274.jpg,D:\mtrie\OneDrive\Documents\IT\python\CNN train\IMG\right_2024_02_17_22_36_28_274.jpg,-0.9500002,1,0,9.531062
D:\mtrie\OneDrive\Documents\IT\python\CNN train\IMG\center_2024_02_17_22_36_28_345.jpg,D:\mtrie\OneDrive\Documents\IT\python\CNN train\IMG\left_2024_02_17_22_36_28_345.jpg,D:\mtrie\OneDrive\Documents\IT\python\CNN train\IMG\right_2024_02_17_22_36_28_345.jpg,0,1,0,10.26579
D:\mtrie\OneDrive\Documents\IT\python\CNN train\IMG\center_2024_02_17_22_36_28_417.jpg,D:\mtrie\OneDrive\Documents\IT\python\CNN train\IMG\left_2024_02_17_22_36_28_417.jpg,D:\mtrie\OneDrive\Documents\IT\python\CNN train\IMG\right_2024_02_17_22_36_28_417.jpg,0,1,0,10.85419
D:\mtrie\OneDrive\Documents\IT\python\CNN train\IMG\center_2024_02_17_22_36_28_486.jpg,D:\mtrie\OneDrive\Documents\IT\python\CNN train\IMG\left_2024_02_17_22_36_28_486.jpg,D:\mtrie\OneDrive\Documents\IT\python\CNN train\IMG\right_2024_02_17_22_36_28_486.jpg,0,1,0,11.55067
D:\mtrie\OneDrive\Documents\IT\python\CNN train\IMG\center_2024_02_17_22_36_28_558.jpg,D:\mtrie\OneDrive\Documents\IT\python\CNN train\IMG\left_2024_02_17_22_36_28_558.jpg,D:\mtrie\OneDrive\Documents\IT\python\CNN train\IMG\right_2024_02_17_22_36_28_558.jpg,0,1,0,12.421
D:\mtrie\OneDrive\Documents\IT\python\CNN train\IMG\center_2024_02_17_22_36_28_630.jpg,D:\mtrie\OneDrive\Documents\IT\python\CNN train\IMG\left_2024_02_17_22_36_28_630.jpg,D:\mtrie\OneDrive\Documents\IT\python\CNN train\IMG\right_2024_02_17_22_36_28_630.jpg,0,1,0,13.28983
D:\mtrie\OneDrive\Documents\IT\python\CNN train\IMG\center_2024_02_17_22_36_28_700.jpg,D:\mtrie\OneDrive\Documents\IT\python\CNN train\IMG\left_2024_02_17_22_36_28_700.jpg,D:\mtrie\OneDrive\Documents\IT\python\CNN train\IMG\right_2024_02_17_22_36_28_700.jpg,0,1,0,13.80044
D:\mtrie\OneDrive\Documents\IT\python\CNN train\IMG\center_2024_02_17_22_36_28_770.jpg,D:\mtrie\OneDrive\Documents\IT\python\CNN train\IMG\left_2024_02_17_22_36_28_770.jpg,D:\mtrie\OneDrive\Documents\IT\python\CNN train\IMG\right_2024_02_17_22_36_28_770.jpg,0,1,0,14.6876
D:\mtrie\OneDrive\Documents\IT\python\CNN train\IMG\center_2024_02_17_22_36_28_841.jpg,D:\mtrie\OneDrive\Documents\IT\python\CNN train\IMG\left_2024_02_17_22_36_28_841.jpg,D:\mtrie\OneDrive\Documents\IT\python\CNN train\IMG\right_2024_02_17_22_36_28_841.jpg,0,1,0,15.43785
D:\mtrie\OneDrive\Documents\IT\python\CNN train\IMG\center_2024_02_17_22_36_28_912.jpg,D:\mtrie\OneDrive\Documents\IT\python\CNN train\IMG\left_2024_02_17_22_36_28_912.jpg,D:\mtrie\OneDrive\Documents\IT\python\CNN train\IMG\right_2024_02_17_22_36_28_912.jpg,0,1,0,16.24656
D:\mtrie\OneDrive\Documents\IT\python\CNN train\IMG\center_2024_02_17_22_36_28_983.jpg,D:\mtrie\OneDrive\Documents\IT\python\CNN train\IMG\left_2024_02_17_22_36_28_983.jpg,D:\mtrie\OneDrive\Documents\IT\python\CNN train\IMG\right_2024_02_17_22_36_28_983.jpg,0,1,0,17.07836
D:\mtrie\OneDrive\Documents\IT\python\CNN train\IMG\center_2024_02_17_22_36_29_054.jpg,D:\mtrie\OneDrive\Documents\IT\python\CNN train\IMG\left_2024_02_17_22_36_29_054.jpg,D:\mtrie\OneDrive\Documents\IT\python\CNN train\IMG\right_2024_02_17_22_36_29_054.jpg,0,1,0,17.67031
D:\mtrie\OneDrive\Documents\IT\python\CNN train\IMG\center_2024_02_17_22_36_29_123.jpg,D:\mtrie\OneDrive\Documents\IT\python\CNN train\IMG\left_2024_02_17_22_36_29_123.jpg,D:\mtrie\OneDrive\Documents\IT\python\CNN train\IMG\right_2024_02_17_22_36_29_123.jpg,0,1,0,18.50547
D:\mtrie\OneDrive\Documents\IT\python\CNN train\IMG\center_2024_02_17_22_36_29_193.jpg,D:\mtrie\OneDrive\Documents\IT\python\CNN train\IMG\left_2024_02_17_22_36_29_193.jpg,D:\mtrie\OneDrive\Documents\IT\python\CNN train\IMG\right_2024_02_17_22_36_29_193.jpg,0,1,0,19.13383
D:\mtrie\OneDrive\Documents\IT\python\CNN train\IMG\center_2024_02_17_22_36_29_264.jpg,D:\mtrie\OneDrive\Documents\IT\python\CNN train\IMG\left_2024_02_17_22_36_29_264.jpg,D:\mtrie\OneDrive\Documents\IT\python\CNN train\IMG\right_2024_02_17_22_36_29_264.jpg,0,1,0,19.94807
D:\mtrie\OneDrive\Documents\IT\python\CNN train\IMG\center_2024_02_17_22_36_29_334.jpg,D:\mtrie\OneDrive\Documents\IT\python\CNN train\IMG\left_2024_02_17_22_36_29_334.jpg,D:\mtrie\OneDrive\Documents\IT\python\CNN train\IMG\right_2024_02_17_22_36_29_334.jpg,0,1,0,20.55003
D:\mtrie\OneDrive\Documents\IT\python\CNN train\IMG\center_2024_02_17_22_36_29_401.jpg,D:\mtrie\OneDrive\Documents\IT\python\CNN train\IMG\left_2024_02_17_22_36_29_401.jpg,D:\mtrie\OneDrive\Documents\IT\python\CNN train\IMG\right_2024_02_17_22_36_29_401.jpg,0,1,0,21.15839
D:\mtrie\OneDrive\Documents\IT\python\CNN train\IMG\center_2024_02_17_22_36_29_468.jpg,D:\mtrie\OneDrive\Documents\IT\python\CNN train\IMG\left_2024_02_17_22_36_29_468.jpg,D:\mtrie\OneDrive\Documents\IT\python\CNN train\IMG\right_2024_02_17_22_36_29_468.jpg,-0.2,1,0,21.9396
D:\mtrie\OneDrive\Documents\IT\python\CNN train\IMG\center_2024_02_17_22_36_29_537.jpg,D:\mtrie\OneDrive\Documents\IT\python\CNN train\IMG\left_2024_02_17_22_36_29_537.jpg,D:\mtrie\OneDrive\Documents\IT\python\CNN train\IMG\right_2024_02_17_22_36_29_537.jpg,-0.35,1,0,22.47786
D:\mtrie\OneDrive\Documents\IT\python\CNN train\IMG\center_2024_02_17_22_36_29_610.jpg,D:\mtrie\OneDrive\Documents\IT\python\CNN train\IMG\left_2024_02_17_22_36_29_610.jpg,D:\mtrie\OneDrive\Documents\IT\python\CNN train\IMG\right_2024_02_17_22_36_29_610.jpg,-0.5500001,1,0,23.13579
D:\mtrie\OneDrive\Documents\IT\python\CNN train\IMG\center_2024_02_17_22_36_29_680.jpg,D:\mtrie\OneDrive\Documents\IT\python\CNN train\IMG\left_2024_02_17_22_36_29_680.jpg,D:\mtrie\OneDrive\Documents\IT\python\CNN train\IMG\right_2024_02_17_22_36_29_680.jpg,-0.7,1,0,23.5772
D:\mtrie\OneDrive\Documents\IT\python\CNN train\IMG\center_2024_02_17_22_36_29_748.jpg,D:\mtrie\OneDrive\Documents\IT\python\CNN train\IMG\left_2024_02_17_22_36_29_748.jpg,D:\mtrie\OneDrive\Documents\IT\python\CNN train\IMG\right_2024_02_17_22_36_29_748.jpg,-0.9000002,1,0,24.09274
D:\mtrie\OneDrive\Documents\IT\python\CNN train\IMG\center_2024_02_17_22_36_29_817.jpg,D:\mtrie\OneDrive\Documents\IT\python\CNN train\IMG\left_2024_02_17_22_36_29_817.jpg,D:\mtrie\OneDrive\Documents\IT\python\CNN train\IMG\right_2024_02_17_22_36_29_817.jpg,-1,1,0,24.44309
D:\mtrie\OneDrive\Documents\IT\python\CNN train\IMG\center_2024_02_17_22_36_29_888.jpg,D:\mtrie\OneDrive\Documents\IT\python\CNN train\IMG\left_2024_02_17_22_36_29_888.jpg,D:\mtrie\OneDrive\Documents\IT\python\CNN train\IMG\right_2024_02_17_22_36_29_888.jpg,0,0.8736985,0,25.03012
D:\mtrie\OneDrive\Documents\IT\python\CNN train\IMG\center_2024_02_17_22_36_29_961.jpg,D:\mtrie\OneDrive\Documents\IT\python\CNN train\IMG\left_2024_02_17_22_36_29_961.jpg,D:\mtrie\OneDrive\Documents\IT\python\CNN train\IMG\right_2024_02_17_22_36_29_961.jpg,0,0.6965878,0,25.38375
D:\mtrie\OneDrive\Documents\IT\python\CNN train\IMG\center_2024_02_17_22_36_30_033.jpg,D:\mtrie\OneDrive\Documents\IT\python\CNN train\IMG\left_2024_02_17_22_36_30_033.jpg,D:\mtrie\OneDrive\Documents\IT\python\CNN train\IMG\right_2024_02_17_22_36_30_033.jpg,0,0.4548901,0,25.71673
D:\mtrie\OneDrive\Documents\IT\python\CNN train\IMG\center_2024_02_17_22_36_30_107.jpg,D:\mtrie\OneDrive\Documents\IT\python\CNN train\IMG\left_2024_02_17_22_36_30_107.jpg,D:\mtrie\OneDrive\Documents\IT\python\CNN train\IMG\right_2024_02_17_22_36_30_107.jpg,0,0.2155471,0,25.84479
D:\mtrie\OneDrive\Documents\IT\python\CNN train\IMG\center_2024_02_17_22_36_30_177.jpg,D:\mtrie\OneDrive\Documents\IT\python\CNN train\IMG\left_2024_02_17_22_36_30_177.jpg,D:\mtrie\OneDrive\Documents\IT\python\CNN train\IMG\right_2024_02_17_22_36_30_177.jpg,0,0.03249101,0,25.78893
D:\mtrie\OneDrive\Documents\IT\python\CNN train\IMG\center_2024_02_17_22_36_30_251.jpg,D:\mtrie\OneDrive\Documents\IT\python\CNN train\IMG\left_2024_02_17_22_36_30_251.jpg,D:\mtrie\OneDrive\Documents\IT\python\CNN train\IMG\right_2024_02_17_22_36_30_251.jpg,0,0,0,25.58364
D:\mtrie\OneDrive\Documents\IT\python\CNN train\IMG\center_2024_02_17_22_36_30_326.jpg,D:\mtrie\OneDrive\Documents\IT\python\CNN train\IMG\left_2024_02_17_22_36_30_326.jpg,D:\mtrie\OneDrive\Documents\IT\python\CNN train\IMG\right_2024_02_17_22_36_30_326.jpg,0,0.2492328,0,25.48886
D:\mtrie\OneDrive\Documents\IT\python\CNN train\IMG\center_2024_02_17_22_36_30_400.jpg,D:\mtrie\OneDrive\Documents\IT\python\CNN train\IMG\left_2024_02_17_22_36_30_400.jpg,D:\mtrie\OneDrive\Documents\IT\python\CNN train\IMG\right_2024_02_17_22_36_30_400.jpg,0,0.4396575,0,25.58088
D:\mtrie\OneDrive\Documents\IT\python\CNN train\IMG\center_2024_02_17_22_36_30_473.jpg,D:\mtrie\OneDrive\Documents\IT\python\CNN train\IMG\left_2024_02_17_22_36_30_473.jpg,D:\mtrie\OneDrive\Documents\IT\python\CNN train\IMG\right_2024_02_17_22_36_30_473.jpg,0,0.6620921,0,25.91164
D:\mtrie\OneDrive\Documents\IT\python\CNN train\IMG\center_2024_02_17_22_36_30_545.jpg,D:\mtrie\OneDrive\Documents\IT\python\CNN train\IMG\left_2024_02_17_22_36_30_545.jpg,D:\mtrie\OneDrive\Documents\IT\python\CNN train\IMG\right_2024_02_17_22_36_30_545.jpg,0,0.9082671,0,26.45486
D:\mtrie\OneDrive\Documents\IT\python\CNN train\IMG\center_2024_02_17_22_36_30_613.jpg,D:\mtrie\OneDrive\Documents\IT\python\CNN train\IMG\left_2024_02_17_22_36_30_613.jpg,D:\mtrie\OneDrive\Documents\IT\python\CNN train\IMG\right_2024_02_17_22_36_30_613.jpg,0,1,0,27.00195
D:\mtrie\OneDrive\Documents\IT\python\CNN train\IMG\center_2024_02_17_22_36_30_683.jpg,D:\mtrie\OneDrive\Documents\IT\python\CNN train\IMG\left_2024_02_17_22_36_30_683.jpg,D:\mtrie\OneDrive\Documents\IT\python\CNN train\IMG\right_2024_02_17_22_36_30_683.jpg,0,1,0,27.7516
D:\mtrie\OneDrive\Documents\IT\python\CNN train\IMG\center_2024_02_17_22_36_30_756.jpg,D:\mtrie\OneDrive\Documents\IT\python\CNN train\IMG\left_2024_02_17_22_36_30_756.jpg,D:\mtrie\OneDrive\Documents\IT\python\CNN train\IMG\right_2024_02_17_22_36_30_756.jpg,0,1,0,28.31046
D:\mtrie\OneDrive\Documents\IT\python\CNN train\IMG\center_2024_02_17_22_36_30_828.jpg,D:\mtrie\OneDrive\Documents\IT\python\CNN train\IMG\left_2024_02_17_22_36_30_828.jpg,D:\mtrie\OneDrive\Documents\IT\python\CNN train\IMG\right_2024_02_17_22_36_30_828.jpg,0,1,0,29.05015
D:\mtrie\OneDrive\Documents\IT\python\CNN train\IMG\center_2024_02_17_22_36_30_898.jpg,D:\mtrie\OneDrive\Documents\IT\python\CNN train\IMG\left_2024_02_17_22_36_30_898.jpg,D:\mtrie\OneDrive\Documents\IT\python\CNN train\IMG\right_2024_02_17_22_36_30_898.jpg,0,1,0,29.60094
D:\mtrie\OneDrive\Documents\IT\python\CNN train\IMG\center_2024_02_17_22_36_30_967.jpg,D:\mtrie\OneDrive\Documents\IT\python\CNN train\IMG\left_2024_02_17_22_36_30_967.jpg,D:\mtrie\OneDrive\Documents\IT\python\CNN train\IMG\right_2024_02_17_22_36_30_967.jpg,0,1,0,30.19053
D:\mtrie\OneDrive\Documents\IT\python\CNN train\IMG\center_2024_02_17_22_36_31_038.jpg,D:\mtrie\OneDrive\Documents\IT\python\CNN train\IMG\left_2024_02_17_22_36_31_038.jpg,D:\mtrie\OneDrive\Documents\IT\python\CNN train\IMG\right_2024_02_17_22_36_31_038.jpg,0,1,0,30.19028
D:\mtrie\OneDrive\Documents\IT\python\CNN train\IMG\center_2024_02_17_22_36_31_107.jpg,D:\mtrie\OneDrive\Documents\IT\python\CNN train\IMG\left_2024_02_17_22_36_31_107.jpg,D:\mtrie\OneDrive\Documents\IT\python\CNN train\IMG\right_2024_02_17_22_36_31_107.jpg,0,1,0,30.19029
D:\mtrie\OneDrive\Documents\IT\python\CNN train\IMG\center_2024_02_17_22_36_31_174.jpg,D:\mtrie\OneDrive\Documents\IT\python\CNN train\IMG\left_2024_02_17_22_36_31_174.jpg,D:\mtrie\OneDrive\Documents\IT\python\CNN train\IMG\right_2024_02_17_22_36_31_174.jpg,0,1,0,30.18993
D:\mtrie\OneDrive\Documents\IT\python\CNN train\IMG\center_2024_02_17_22_36_31_241.jpg,D:\mtrie\OneDrive\Documents\IT\python\CNN train\IMG\left_2024_02_17_22_36_31_241.jpg,D:\mtrie\OneDrive\Documents\IT\python\CNN train\IMG\right_2024_02_17_22_36_31_241.jpg,-0.05,1,0,30.18969
D:\mtrie\OneDrive\Documents\IT\python\CNN train\IMG\center_2024_02_17_22_36_31_313.jpg,D:\mtrie\OneDrive\Documents\IT\python\CNN train\IMG\left_2024_02_17_22_36_31_313.jpg,D:\mtrie\OneDrive\Documents\IT\python\CNN train\IMG\right_2024_02_17_22_36_31_313.jpg,-0.25,1,0,30.17475
D:\mtrie\OneDrive\Documents\IT\python\CNN train\IMG\center_2024_02_17_22_36_31_380.jpg,D:\mtrie\OneDrive\Documents\IT\python\CNN train\IMG\left_2024_02_17_22_36_31_380.jpg,D:\mtrie\OneDrive\Documents\IT\python\CNN train\IMG\right_2024_02_17_22_36_31_380.jpg,-0.4,1,0,30.15754
D:\mtrie\OneDrive\Documents\IT\python\CNN train\IMG\center_2024_02_17_22_36_31_452.jpg,D:\mtrie\OneDrive\Documents\IT\python\CNN train\IMG\left_2024_02_17_22_36_31_452.jpg,D:\mtrie\OneDrive\Documents\IT\python\CNN train\IMG\right_2024_02_17_22_36_31_452.jpg,-0.6000001,1,0,30.13319
D:\mtrie\OneDrive\Documents\IT\python\CNN train\IMG\center_2024_02_17_22_36_31_523.jpg,D:\mtrie\OneDrive\Documents\IT\python\CNN train\IMG\left_2024_02_17_22_36_31_523.jpg,D:\mtrie\OneDrive\Documents\IT\python\CNN train\IMG\right_2024_02_17_22_36_31_523.jpg,-0.8000001,1,0,30.11015
D:\mtrie\OneDrive\Documents\IT\python\CNN train\IMG\center_2024_02_17_22_36_31_590.jpg,D:\mtrie\OneDrive\Documents\IT\python\CNN train\IMG\left_2024_02_17_22_36_31_590.jpg,D:\mtrie\OneDrive\Documents\IT\python\CNN train\IMG\right_2024_02_17_22_36_31_590.jpg,-0.9500002,1,0,30.09723
D:\mtrie\OneDrive\Documents\IT\python\CNN train\IMG\center_2024_02_17_22_36_31_662.jpg,D:\mtrie\OneDrive\Documents\IT\python\CNN train\IMG\left_2024_02_17_22_36_31_662.jpg,D:\mtrie\OneDrive\Documents\IT\python\CNN train\IMG\right_2024_02_17_22_36_31_662.jpg,0,1,0,30.15919
D:\mtrie\OneDrive\Documents\IT\python\CNN train\IMG\center_2024_02_17_22_36_31_731.jpg,D:\mtrie\OneDrive\Documents\IT\python\CNN train\IMG\left_2024_02_17_22_36_31_731.jpg,D:\mtrie\OneDrive\Documents\IT\python\CNN train\IMG\right_2024_02_17_22_36_31_731.jpg,0,1,0,30.18188
D:\mtrie\OneDrive\Documents\IT\python\CNN train\IMG\center_2024_02_17_22_36_31_804.jpg,D:\mtrie\OneDrive\Documents\IT\python\CNN train\IMG\left_2024_02_17_22_36_31_804.jpg,D:\mtrie\OneDrive\Documents\IT\python\CNN train\IMG\right_2024_02_17_22_36_31_804.jpg,0,1,0,30.18732
D:\mtrie\OneDrive\Documents\IT\python\CNN train\IMG\center_2024_02_17_22_36_31_877.jpg,D:\mtrie\OneDrive\Documents\IT\python\CNN train\IMG\left_2024_02_17_22_36_31_877.jpg,D:\mtrie\OneDrive\Documents\IT\python\CNN train\IMG\right_2024_02_17_22_36_31_877.jpg,0,1,0,30.18923
D:\mtrie\OneDrive\Documents\IT\python\CNN train\IMG\center_2024_02_17_22_36_31_945.jpg,D:\mtrie\OneDrive\Documents\IT\python\CNN train\IMG\left_2024_02_17_22_36_31_945.jpg,D:\mtrie\OneDrive\Documents\IT\python\CNN train\IMG\right_2024_02_17_22_36_31_945.jpg,0.05,1,0,30.18781
D:\mtrie\OneDrive\Documents\IT\python\CNN train\IMG\center_2024_02_17_22_36_32_020.jpg,D:\mtrie\OneDrive\Documents\IT\python\CNN train\IMG\left_2024_02_17_22_36_32_020.jpg,D:\mtrie\OneDrive\Documents\IT\python\CNN train\IMG\right_2024_02_17_22_36_32_020.jpg,0.2,1,0,30.17693
D:\mtrie\OneDrive\Documents\IT\python\CNN train\IMG\center_2024_02_17_22_36_32_094.jpg,D:\mtrie\OneDrive\Documents\IT\python\CNN train\IMG\left_2024_02_17_22_36_32_094.jpg,D:\mtrie\OneDrive\Documents\IT\python\CNN train\IMG\right_2024_02_17_22_36_32_094.jpg,0.4,1,0,30.15555
D:\mtrie\OneDrive\Documents\IT\python\CNN train\IMG\center_2024_02_17_22_36_32_166.jpg,D:\mtrie\OneDrive\Documents\IT\python\CNN train\IMG\left_2024_02_17_22_36_32_166.jpg,D:\mtrie\OneDrive\Documents\IT\python\CNN train\IMG\right_2024_02_17_22_36_32_166.jpg,0.6000001,1,0,30.13079
D:\mtrie\OneDrive\Documents\IT\python\CNN train\IMG\center_2024_02_17_22_36_32_234.jpg,D:\mtrie\OneDrive\Documents\IT\python\CNN train\IMG\left_2024_02_17_22_36_32_234.jpg,D:\mtrie\OneDrive\Documents\IT\python\CNN train\IMG\right_2024_02_17_22_36_32_234.jpg,0.7500002,1,0,30.11504
D:\mtrie\OneDrive\Documents\IT\python\CNN train\IMG\center_2024_02_17_22_36_32_309.jpg,D:\mtrie\OneDrive\Documents\IT\python\CNN train\IMG\left_2024_02_17_22_36_32_309.jpg,D:\mtrie\OneDrive\Documents\IT\python\CNN train\IMG\right_2024_02_17_22_36_32_309.jpg,0,1,0,30.16115
D:\mtrie\OneDrive\Documents\IT\python\CNN train\IMG\center_2024_02_17_22_36_32_377.jpg,D:\mtrie\OneDrive\Documents\IT\python\CNN train\IMG\left_2024_02_17_22_36_32_377.jpg,D:\mtrie\OneDrive\Documents\IT\python\CNN train\IMG\right_2024_02_17_22_36_32_377.jpg,0,1,0,30.17365
D:\mtrie\OneDrive\Documents\IT\python\CNN train\IMG\center_2024_02_17_22_36_32_449.jpg,D:\mtrie\OneDrive\Documents\IT\python\CNN train\IMG\left_2024_02_17_22_36_32_449.jpg,D:\mtrie\OneDrive\Documents\IT\python\CNN train\IMG\right_2024_02_17_22_36_32_449.jpg,0,1,0,30.18737
D:\mtrie\OneDrive\Documents\IT\python\CNN train\IMG\center_2024_02_17_22_36_32_515.jpg,D:\mtrie\OneDrive\Documents\IT\python\CNN train\IMG\left_2024_02_17_22_36_32_515.jpg,D:\mtrie\OneDrive\Documents\IT\python\CNN train\IMG\right_2024_02_17_22_36_32_515.jpg,0,1,0,30.19
D:\mtrie\OneDrive\Documents\IT\python\CNN train\IMG\center_2024_02_17_22_36_32_586.jpg,D:\mtrie\OneDrive\Documents\IT\python\CNN train\IMG\left_2024_02_17_22_36_32_586.jpg,D:\mtrie\OneDrive\Documents\IT\python\CNN train\IMG\right_2024_02_17_22_36_32_586.jpg,-0.15,1,0,30.18078
D:\mtrie\OneDrive\Documents\IT\python\CNN train\IMG\center_2024_02_17_22_36_32_658.jpg,D:\mtrie\OneDrive\Documents\IT\python\CNN train\IMG\left_2024_02_17_22_36_32_658.jpg,D:\mtrie\OneDrive\Documents\IT\python\CNN train\IMG\right_2024_02_17_22_36_32_658.jpg,-0.3,1,0,30.1654
D:\mtrie\OneDrive\Documents\IT\python\CNN train\IMG\center_2024_02_17_22_36_32_730.jpg,D:\mtrie\OneDrive\Documents\IT\python\CNN train\IMG\left_2024_02_17_22_36_32_730.jpg,D:\mtrie\OneDrive\Documents\IT\python\CNN train\IMG\right_2024_02_17_22_36_32_730.jpg,-0.5000001,1,0,30.14153
D:\mtrie\OneDrive\Documents\IT\python\CNN train\IMG\center_2024_02_17_22_36_32_804.jpg,D:\mtrie\OneDrive\Documents\IT\python\CNN train\IMG\left_2024_02_17_22_36_32_804.jpg,D:\mtrie\OneDrive\Documents\IT\python\CNN train\IMG\right_2024_02_17_22_36_32_804.jpg,0,1,0,30.1683
D:\mtrie\OneDrive\Documents\IT\python\CNN train\IMG\center_2024_02_17_22_36_32_876.jpg,D:\mtrie\OneDrive\Documents\IT\python\CNN train\IMG\left_2024_02_17_22_36_32_876.jpg,D:\mtrie\OneDrive\Documents\IT\python\CNN train\IMG\right_2024_02_17_22_36_32_876.jpg,0,1,0,30.18359
D:\mtrie\OneDrive\Documents\IT\python\CNN train\IMG\center_2024_02_17_22_36_32_949.jpg,D:\mtrie\OneDrive\Documents\IT\python\CNN train\IMG\left_2024_02_17_22_36_32_949.jpg,D:\mtrie\OneDrive\Documents\IT\python\CNN train\IMG\right_2024_02_17_22_36_32_949.jpg,0,1,0,30.18746
D:\mtrie\OneDrive\Documents\IT\python\CNN train\IMG\center_2024_02_17_22_36_33_016.jpg,D:\mtrie\OneDrive\Documents\IT\python\CNN train\IMG\left_2024_02_17_22_36_33_016.jpg,D:\mtrie\OneDrive\Documents\IT\python\CNN train\IMG\right_2024_02_17_22_36_33_016.jpg,0,1,0,30.18958
D:\mtrie\OneDrive\Documents\IT\python\CNN train\IMG\center_2024_02_17_22_36_33_090.jpg,D:\mtrie\OneDrive\Documents\IT\python\CNN train\IMG\left_2024_02_17_22_36_33_090.jpg,D:\mtrie\OneDrive\Documents\IT\python\CNN train\IMG\right_2024_02_17_22_36_33_090.jpg,0,1,0,30.19017
D:\mtrie\OneDrive\Documents\IT\python\CNN train\IMG\center_2024_02_17_22_36_33_159.jpg,D:\mtrie\OneDrive\Documents\IT\python\CNN train\IMG\left_2024_02_17_22_36_33_159.jpg,D:\mtrie\OneDrive\Documents\IT\python\CNN train\IMG\right_2024_02_17_22_36_33_159.jpg,-0.15,1,0,30.18569
D:\mtrie\OneDrive\Documents\IT\python\CNN train\IMG\center_2024_02_17_22_36_33_232.jpg,D:\mtrie\OneDrive\Documents\IT\python\CNN train\IMG\left_2024_02_17_22_36_33_232.jpg,D:\mtrie\OneDrive\Documents\IT\python\CNN train\IMG\right_2024_02_17_22_36_33_232.jpg,-0.35,1,0,30.16499
D:\mtrie\OneDrive\Documents\IT\python\CNN train\IMG\center_2024_02_17_22_36_33_307.jpg,D:\mtrie\OneDrive\Documents\IT\python\CNN train\IMG\left_2024_02_17_22_36_33_307.jpg,D:\mtrie\OneDrive\Documents\IT\python\CNN train\IMG\right_2024_02_17_22_36_33_307.jpg,0,1,0,30.18766
D:\mtrie\OneDrive\Documents\IT\python\CNN train\IMG\center_2024_02_17_22_36_33_380.jpg,D:\mtrie\OneDrive\Documents\IT\python\CNN train\IMG\left_2024_02_17_22_36_33_380.jpg,D:\mtrie\OneDrive\Documents\IT\python\CNN train\IMG\right_2024_02_17_22_36_33_380.jpg,0,1,0,30.1897
D:\mtrie\OneDrive\Documents\IT\python\CNN train\IMG\center_2024_02_17_22_36_33_447.jpg,D:\mtrie\OneDrive\Documents\IT\python\CNN train\IMG\left_2024_02_17_22_36_33_447.jpg,D:\mtrie\OneDrive\Documents\IT\python\CNN train\IMG\right_2024_02_17_22_36_33_447.jpg,0,1,0,30.1902
D:\mtrie\OneDrive\Documents\IT\python\CNN train\IMG\center_2024_02_17_22_36_33_520.jpg,D:\mtrie\OneDrive\Documents\IT\python\CNN train\IMG\left_2024_02_17_22_36_33_520.jpg,D:\mtrie\OneDrive\Documents\IT\python\CNN train\IMG\right_2024_02_17_22_36_33_520.jpg,0,1,0,30.19029
D:\mtrie\OneDrive\Documents\IT\python\CNN train\IMG\center_2024_02_17_22_36_33_594.jpg,D:\mtrie\OneDrive\Documents\IT\python\CNN train\IMG\left_2024_02_17_22_36_33_594.jpg,D:\mtrie\OneDrive\Documents\IT\python\CNN train\IMG\right_2024_02_17_22_36_33_594.jpg,-0.2,1,0,30.18098
D:\mtrie\OneDrive\Documents\IT\python\CNN train\IMG\center_2024_02_17_22_36_33_665.jpg,D:\mtrie\OneDrive\Documents\IT\python\CNN train\IMG\left_2024_02_17_22_36_33_665.jpg,D:\mtrie\OneDrive\Documents\IT\python\CNN train\IMG\right_2024_02_17_22_36_33_665.jpg,-0.4,1,0,30.15842
D:\mtrie\OneDrive\Documents\IT\python\CNN train\IMG\center_2024_02_17_22_36_33_734.jpg,D:\mtrie\OneDrive\Documents\IT\python\CNN train\IMG\left_2024_02_17_22_36_33_734.jpg,D:\mtrie\OneDrive\Documents\IT\python\CNN train\IMG\right_2024_02_17_22_36_33_734.jpg,-0.5500001,1,0,30.13991
D:\mtrie\OneDrive\Documents\IT\python\CNN train\IMG\center_2024_02_17_22_36_33_802.jpg,D:\mtrie\OneDrive\Documents\IT\python\CNN train\IMG\left_2024_02_17_22_36_33_802.jpg,D:\mtrie\OneDrive\Documents\IT\python\CNN train\IMG\right_2024_02_17_22_36_33_802.jpg,-0.7,1,0,30.12144
D:\mtrie\OneDrive\Documents\IT\python\CNN train\IMG\center_2024_02_17_22_36_33_874.jpg,D:\mtrie\OneDrive\Documents\IT\python\CNN train\IMG\left_2024_02_17_22_36_33_874.jpg,D:\mtrie\OneDrive\Documents\IT\python\CNN train\IMG\right_2024_02_17_22_36_33_874.jpg,0,1,0,30.16246
D:\mtrie\OneDrive\Documents\IT\python\CNN train\IMG\center_2024_02_17_22_36_33_949.jpg,D:\mtrie\OneDrive\Documents\IT\python\CNN train\IMG\left_2024_02_17_22_36_33_949.jpg,D:\mtrie\OneDrive\Documents\IT\python\CNN train\IMG\right_2024_02_17_22_36_33_949.jpg,0,1,0,30.18189
D:\mtrie\OneDrive\Documents\IT\python\CNN train\IMG\center_2024_02_17_22_36_34_017.jpg,D:\mtrie\OneDrive\Documents\IT\python\CNN train\IMG\left_2024_02_17_22_36_34_017.jpg,D:\mtrie\OneDrive\Documents\IT\python\CNN train\IMG\right_2024_02_17_22_36_34_017.jpg,0,1,0,30.18766
D:\mtrie\OneDrive\Documents\IT\python\CNN train\IMG\center_2024_02_17_22_36_34_094.jpg,D:\mtrie\OneDrive\Documents\IT\python\CNN train\IMG\left_2024_02_17_22_36_34_094.jpg,D:\mtrie\OneDrive\Documents\IT\python\CNN train\IMG\right_2024_02_17_22_36_34_094.jpg,0,1,0,30.18992
D:\mtrie\OneDrive\Documents\IT\python\CNN train\IMG\center_2024_02_17_22_36_34_168.jpg,D:\mtrie\OneDrive\Documents\IT\python\CNN train\IMG\left_2024_02_17_22_36_34_168.jpg,D:\mtrie\OneDrive\Documents\IT\python\CNN train\IMG\right_2024_02_17_22_36_34_168.jpg,0,1,0,30.19028
D:\mtrie\OneDrive\Documents\IT\python\CNN train\IMG\center_2024_02_17_22_36_34_243.jpg,D:\mtrie\OneDrive\Documents\IT\python\CNN train\IMG\left_2024_02_17_22_36_34_243.jpg,D:\mtrie\OneDrive\Documents\IT\python\CNN train\IMG\right_2024_02_17_22_36_34_243.jpg,0,1,0,30.19031
D:\mtrie\OneDrive\Documents\IT\python\CNN train\IMG\center_2024_02_17_22_36_34_316.jpg,D:\mtrie\OneDrive\Documents\IT\python\CNN train\IMG\left_2024_02_17_22_36_34_316.jpg,D:\mtrie\OneDrive\Documents\IT\python\CNN train\IMG\right_2024_02_17_22_36_34_316.jpg,0,1,0,30.19031
D:\mtrie\OneDrive\Documents\IT\python\CNN train\IMG\center_2024_02_17_22_36_34_384.jpg,D:\mtrie\OneDrive\Documents\IT\python\CNN train\IMG\left_2024_02_17_22_36_34_384.jpg,D:\mtrie\OneDrive\Documents\IT\python\CNN train\IMG\right_2024_02_17_22_36_34_384.jpg,0,1,0,30.19029
D:\mtrie\OneDrive\Documents\IT\python\CNN train\IMG\center_2024_02_17_22_36_34_463.jpg,D:\mtrie\OneDrive\Documents\IT\python\CNN train\IMG\left_2024_02_17_22_36_34_463.jpg,D:\mtrie\OneDrive\Documents\IT\python\CNN train\IMG\right_2024_02_17_22_36_34_463.jpg,0,1,0,30.1903
D:\mtrie\OneDrive\Documents\IT\python\CNN train\IMG\center_2024_02_17_22_36_34_534.jpg,D:\mtrie\OneDrive\Documents\IT\python\CNN train\IMG\left_2024_02_17_22_36_34_534.jpg,D:\mtrie\OneDrive\Documents\IT\python\CNN train\IMG\right_2024_02_17_22_36_34_534.jpg,0,1,0,30.19072
D:\mtrie\OneDrive\Documents\IT\python\CNN train\IMG\center_2024_02_17_22_36_34_606.jpg,D:\mtrie\OneDrive\Documents\IT\python\CNN train\IMG\left_2024_02_17_22_36_34_606.jpg,D:\mtrie\OneDrive\Documents\IT\python\CNN train\IMG\right_2024_02_17_22_36_34_606.jpg,0,1,0,30.19032
D:\mtrie\OneDrive\Documents\IT\python\CNN train\IMG\center_2024_02_17_22_36_34_677.jpg,D:\mtrie\OneDrive\Documents\IT\python\CNN train\IMG\left_2024_02_17_22_36_34_677.jpg,D:\mtrie\OneDrive\Documents\IT\python\CNN train\IMG\right_2024_02_17_22_36_34_677.jpg,0.15,1,0,30.18432
D:\mtrie\OneDrive\Documents\IT\python\CNN train\IMG\center_2024_02_17_22_36_34_745.jpg,D:\mtrie\OneDrive\Documents\IT\python\CNN train\IMG\left_2024_02_17_22_36_34_745.jpg,D:\mtrie\OneDrive\Documents\IT\python\CNN train\IMG\right_2024_02_17_22_36_34_745.jpg,0,1,0,30.18473
D:\mtrie\OneDrive\Documents\IT\python\CNN train\IMG\center_2024_02_17_22_36_34_814.jpg,D:\mtrie\OneDrive\Documents\IT\python\CNN train\IMG\left_2024_02_17_22_36_34_814.jpg,D:\mtrie\OneDrive\Documents\IT\python\CNN train\IMG\right_2024_02_17_22_36_34_814.jpg,0,1,0,30.18987
D:\mtrie\OneDrive\Documents\IT\python\CNN train\IMG\center_2024_02_17_22_36_34_884.jpg,D:\mtrie\OneDrive\Documents\IT\python\CNN train\IMG\left_2024_02_17_22_36_34_884.jpg,D:\mtrie\OneDrive\Documents\IT\python\CNN train\IMG\right_2024_02_17_22_36_34_884.jpg,0,1,0,30.19014
D:\mtrie\OneDrive\Documents\IT\python\CNN train\IMG\center_2024_02_17_22_36_34_952.jpg,D:\mtrie\OneDrive\Documents\IT\python\CNN train\IMG\left_2024_02_17_22_36_34_952.jpg,D:\mtrie\OneDrive\Documents\IT\python\CNN train\IMG\right_2024_02_17_22_36_34_952.jpg,-0.1,1,0,30.18649
D:\mtrie\OneDrive\Documents\IT\python\CNN train\IMG\center_2024_02_17_22_36_35_018.jpg,D:\mtrie\OneDrive\Documents\IT\python\CNN train\IMG\left_2024_02_17_22_36_35_018.jpg,D:\mtrie\OneDrive\Documents\IT\python\CNN train\IMG\right_2024_02_17_22_36_35_018.jpg,-0.25,1,0,30.17311
D:\mtrie\OneDrive\Documents\IT\python\CNN train\IMG\center_2024_02_17_22_36_35_093.jpg,D:\mtrie\OneDrive\Documents\IT\python\CNN train\IMG\left_2024_02_17_22_36_35_093.jpg,D:\mtrie\OneDrive\Documents\IT\python\CNN train\IMG\right_2024_02_17_22_36_35_093.jpg,0,1,0,30.19052
D:\mtrie\OneDrive\Documents\IT\python\CNN train\IMG\center_2024_02_17_22_36_35_160.jpg,D:\mtrie\OneDrive\Documents\IT\python\CNN train\IMG\left_2024_02_17_22_36_35_160.jpg,D:\mtrie\OneDrive\Documents\IT\python\CNN train\IMG\right_2024_02_17_22_36_35_160.jpg,0,1,0,30.1895
D:\mtrie\OneDrive\Documents\IT\python\CNN train\IMG\center_2024_02_17_22_36_35_232.jpg,D:\mtrie\OneDrive\Documents\IT\python\CNN train\IMG\left_2024_02_17_22_36_35_232.jpg,D:\mtrie\OneDrive\Documents\IT\python\CNN train\IMG\right_2024_02_17_22_36_35_232.jpg,0,1,0,30.19013
D:\mtrie\OneDrive\Documents\IT\python\CNN train\IMG\center_2024_02_17_22_36_35_297.jpg,D:\mtrie\OneDrive\Documents\IT\python\CNN train\IMG\left_2024_02_17_22_36_35_297.jpg,D:\mtrie\OneDrive\Documents\IT\python\CNN train\IMG\right_2024_02_17_22_36_35_297.jpg,0,1,0,30.19025
D:\mtrie\OneDrive\Documents\IT\python\CNN train\IMG\center_2024_02_17_22_36_35_375.jpg,D:\mtrie\OneDrive\Documents\IT\python\CNN train\IMG\left_2024_02_17_22_36_35_375.jpg,D:\mtrie\OneDrive\Documents\IT\python\CNN train\IMG\right_2024_02_17_22_36_35_375.jpg,0,1,0,30.19031
D:\mtrie\OneDrive\Documents\IT\python\CNN train\IMG\center_2024_02_17_22_36_35_442.jpg,D:\mtrie\OneDrive\Documents\IT\python\CNN train\IMG\left_2024_02_17_22_36_35_442.jpg,D:\mtrie\OneDrive\Documents\IT\python\CNN train\IMG\right_2024_02_17_22_36_35_442.jpg,0,1,0,30.19031
D:\mtrie\OneDrive\Documents\IT\python\CNN train\IMG\center_2024_02_17_22_36_35_511.jpg,D:\mtrie\OneDrive\Documents\IT\python\CNN train\IMG\left_2024_02_17_22_36_35_511.jpg,D:\mtrie\OneDrive\Documents\IT\python\CNN train\IMG\right_2024_02_17_22_36_35_511.jpg,0,1,0,30.18998
D:\mtrie\OneDrive\Documents\IT\python\CNN train\IMG\center_2024_02_17_22_36_35_578.jpg,D:\mtrie\OneDrive\Documents\IT\python\CNN train\IMG\left_2024_02_17_22_36_35_578.jpg,D:\mtrie\OneDrive\Documents\IT\python\CNN train\IMG\right_2024_02_17_22_36_35_578.jpg,0,1,0,30.19032
D:\mtrie\OneDrive\Documents\IT\python\CNN train\IMG\center_2024_02_17_22_36_35_645.jpg,D:\mtrie\OneDrive\Documents\IT\python\CNN train\IMG\left_2024_02_17_22_36_35_645.jpg,D:\mtrie\OneDrive\Documents\IT\python\CNN train\IMG\right_2024_02_17_22_36_35_645.jpg,0,1,0,30.19032
D:\mtrie\OneDrive\Documents\IT\python\CNN train\IMG\center_2024_02_17_22_36_35_717.jpg,D:\mtrie\OneDrive\Documents\IT\python\CNN train\IMG\left_2024_02_17_22_36_35_717.jpg,D:\mtrie\OneDrive\Documents\IT\python\CNN train\IMG\right_2024_02_17_22_36_35_717.jpg,0,1,0,30.19032
D:\mtrie\OneDrive\Documents\IT\python\CNN train\IMG\center_2024_02_17_22_36_35_785.jpg,D:\mtrie\OneDrive\Documents\IT\python\CNN train\IMG\left_2024_02_17_22_36_35_785.jpg,D:\mtrie\OneDrive\Documents\IT\python\CNN train\IMG\right_2024_02_17_22_36_35_785.jpg,0,1,0,30.19031
D:\mtrie\OneDrive\Documents\IT\python\CNN train\IMG\center_2024_02_17_22_36_35_861.jpg,D:\mtrie\OneDrive\Documents\IT\python\CNN train\IMG\left_2024_02_17_22_36_35_861.jpg,D:\mtrie\OneDrive\Documents\IT\python\CNN train\IMG\right_2024_02_17_22_36_35_861.jpg,0,1,0,30.1903
D:\mtrie\OneDrive\Documents\IT\python\CNN train\IMG\center_2024_02_17_22_36_35_936.jpg,D:\mtrie\OneDrive\Documents\IT\python\CNN train\IMG\left_2024_02_17_22_36_35_936.jpg,D:\mtrie\OneDrive\Documents\IT\python\CNN train\IMG\right_2024_02_17_22_36_35_936.jpg,0,1,0,30.19033
D:\mtrie\OneDrive\Documents\IT\python\CNN train\IMG\center_2024_02_17_22_36_36_011.jpg,D:\mtrie\OneDrive\Documents\IT\python\CNN train\IMG\left_2024_02_17_22_36_36_011.jpg,D:\mtrie\OneDrive\Documents\IT\python\CNN train\IMG\right_2024_02_17_22_36_36_011.jpg,-0.2,1,0,30.17981
D:\mtrie\OneDrive\Documents\IT\python\CNN train\IMG\center_2024_02_17_22_36_36_082.jpg,D:\mtrie\OneDrive\Documents\IT\python\CNN train\IMG\left_2024_02_17_22_36_36_082.jpg,D:\mtrie\OneDrive\Documents\IT\python\CNN train\IMG\right_2024_02_17_22_36_36_082.jpg,-0.4,1,0,30.15757
D:\mtrie\OneDrive\Documents\IT\python\CNN train\IMG\center_2024_02_17_22_36_36_158.jpg,D:\mtrie\OneDrive\Documents\IT\python\CNN train\IMG\left_2024_02_17_22_36_36_158.jpg,D:\mtrie\OneDrive\Documents\IT\python\CNN train\IMG\right_2024_02_17_22_36_36_158.jpg,0,1,0,30.18759
D:\mtrie\OneDrive\Documents\IT\python\CNN train\IMG\center_2024_02_17_22_36_36_227.jpg,D:\mtrie\OneDrive\Documents\IT\python\CNN train\IMG\left_2024_02_17_22_36_36_227.jpg,D:\mtrie\OneDrive\Documents\IT\python\CNN train\IMG\right_2024_02_17_22_36_36_227.jpg,0,1,0,30.18932
D:\mtrie\OneDrive\Documents\IT\python\CNN train\IMG\center_2024_02_17_22_36_36_299.jpg,D:\mtrie\OneDrive\Documents\IT\python\CNN train\IMG\left_2024_02_17_22_36_36_299.jpg,D:\mtrie\OneDrive\Documents\IT\python\CNN train\IMG\right_2024_02_17_22_36_36_299.jpg,0,1,0,30.18999
D:\mtrie\OneDrive\Documents\IT\python\CNN train\IMG\center_2024_02_17_22_36_36_376.jpg,D:\mtrie\OneDrive\Documents\IT\python\CNN train\IMG\left_2024_02_17_22_36_36_376.jpg,D:\mtrie\OneDrive\Documents\IT\python\CNN train\IMG\right_2024_02_17_22_36_36_376.jpg,-0.1,1,0,30.18894
D:\mtrie\OneDrive\Documents\IT\python\CNN train\IMG\center_2024_02_17_22_36_36_450.jpg,D:\mtrie\OneDrive\Documents\IT\python\CNN train\IMG\left_2024_02_17_22_36_36_450.jpg,D:\mtrie\OneDrive\Documents\IT\python\CNN train\IMG\right_2024_02_17_22_36_36_450.jpg,-0.3,1,0,30.17123
D:\mtrie\OneDrive\Documents\IT\python\CNN train\IMG\center_2024_02_17_22_36_36_521.jpg,D:\mtrie\OneDrive\Documents\IT\python\CNN train\IMG\left_2024_02_17_22_36_36_521.jpg,D:\mtrie\OneDrive\Documents\IT\python\CNN train\IMG\right_2024_02_17_22_36_36_521.jpg,0,1,0,30.18973
D:\mtrie\OneDrive\Documents\IT\python\CNN train\IMG\center_2024_02_17_22_36_36_594.jpg,D:\mtrie\OneDrive\Documents\IT\python\CNN train\IMG\left_2024_02_17_22_36_36_594.jpg,D:\mtrie\OneDrive\Documents\IT\python\CNN train\IMG\right_2024_02_17_22_36_36_594.jpg,-0.1,1,0,30.19014
D:\mtrie\OneDrive\Documents\IT\python\CNN train\IMG\center_2024_02_17_22_36_36_662.jpg,D:\mtrie\OneDrive\Documents\IT\python\CNN train\IMG\left_2024_02_17_22_36_36_662.jpg,D:\mtrie\OneDrive\Documents\IT\python\CNN train\IMG\right_2024_02_17_22_36_36_662.jpg,-0.25,1,0,30.17924
D:\mtrie\OneDrive\Documents\IT\python\CNN train\IMG\center_2024_02_17_22_36_36_729.jpg,D:\mtrie\OneDrive\Documents\IT\python\CNN train\IMG\left_2024_02_17_22_36_36_729.jpg,D:\mtrie\OneDrive\Documents\IT\python\CNN train\IMG\right_2024_02_17_22_36_36_729.jpg,0,1,0,30.18894
D:\mtrie\OneDrive\Documents\IT\python\CNN train\IMG\center_2024_02_17_22_36_36_798.jpg,D:\mtrie\OneDrive\Documents\IT\python\CNN train\IMG\left_2024_02_17_22_36_36_798.jpg,D:\mtrie\OneDrive\Documents\IT\python\CNN train\IMG\right_2024_02_17_22_36_36_798.jpg,0,1,0,30.18999
D:\mtrie\OneDrive\Documents\IT\python\CNN train\IMG\center_2024_02_17_22_36_36_867.jpg,D:\mtrie\OneDrive\Documents\IT\python\CNN train\IMG\left_2024_02_17_22_36_36_867.jpg,D:\mtrie\OneDrive\Documents\IT\python\CNN train\IMG\right_2024_02_17_22_36_36_867.jpg,-0.2,1,0,30.18271
D:\mtrie\OneDrive\Documents\IT\python\CNN train\IMG\center_2024_02_17_22_36_36_936.jpg,D:\mtrie\OneDrive\Documents\IT\python\CNN train\IMG\left_2024_02_17_22_36_36_936.jpg,D:\mtrie\OneDrive\Documents\IT\python\CNN train\IMG\right_2024_02_17_22_36_36_936.jpg,0,1,0,30.1902
D:\mtrie\OneDrive\Documents\IT\python\CNN train\IMG\center_2024_02_17_22_36_37_008.jpg,D:\mtrie\OneDrive\Documents\IT\python\CNN train\IMG\left_2024_02_17_22_36_37_008.jpg,D:\mtrie\OneDrive\Documents\IT\python\CNN train\IMG\right_2024_02_17_22_36_37_008.jpg,-0.1,1,0,30.18953
D:\mtrie\OneDrive\Documents\IT\python\CNN train\IMG\center_2024_02_17_22_36_37_085.jpg,D:\mtrie\OneDrive\Documents\IT\python\CNN train\IMG\left_2024_02_17_22_36_37_085.jpg,D:\mtrie\OneDrive\Documents\IT\python\CNN train\IMG\right_2024_02_17_22_36_37_085.jpg,0,1,0,30.18694
D:\mtrie\OneDrive\Documents\IT\python\CNN train\IMG\center_2024_02_17_22_36_37_153.jpg,D:\mtrie\OneDrive\Documents\IT\python\CNN train\IMG\left_2024_02_17_22_36_37_153.jpg,D:\mtrie\OneDrive\Documents\IT\python\CNN train\IMG\right_2024_02_17_22_36_37_153.jpg,0,1,0,30.18999
D:\mtrie\OneDrive\Documents\IT\python\CNN train\IMG\center_2024_02_17_22_36_37_220.jpg,D:\mtrie\OneDrive\Documents\IT\python\CNN train\IMG\left_2024_02_17_22_36_37_220.jpg,D:\mtrie\OneDrive\Documents\IT\python\CNN train\IMG\right_2024_02_17_22_36_37_220.jpg,-0.15,1,0,30.18676
D:\mtrie\OneDrive\Documents\IT\python\CNN train\IMG\center_2024_02_17_22_36_37_293.jpg,D:\mtrie\OneDrive\Documents\IT\python\CNN train\IMG\left_2024_02_17_22_36_37_293.jpg,D:\mtrie\OneDrive\Documents\IT\python\CNN train\IMG\right_2024_02_17_22_36_37_293.jpg,0,1,0,30.19017
D:\mtrie\OneDrive\Documents\IT\python\CNN train\IMG\center_2024_02_17_22_36_37_367.jpg,D:\mtrie\OneDrive\Documents\IT\python\CNN train\IMG\left_2024_02_17_22_36_37_367.jpg,D:\mtrie\OneDrive\Documents\IT\python\CNN train\IMG\right_2024_02_17_22_36_37_367.jpg,0,1,0,30.19013
D:\mtrie\OneDrive\Documents\IT\python\CNN train\IMG\center_2024_02_17_22_36_37_438.jpg,D:\mtrie\OneDrive\Documents\IT\python\CNN train\IMG\left_2024_02_17_22_36_37_438.jpg,D:\mtrie\OneDrive\Documents\IT\python\CNN train\IMG\right_2024_02_17_22_36_37_438.jpg,0,1,0,30.19027
D:\mtrie\OneDrive\Documents\IT\python\CNN train\IMG\center_2024_02_17_22_36_37_516.jpg,D:\mtrie\OneDrive\Documents\IT\python\CNN train\IMG\left_2024_02_17_22_36_37_516.jpg,D:\mtrie\OneDrive\Documents\IT\python\CNN train\IMG\right_2024_02_17_22_36_37_516.jpg,0,1,0,30.19004
D:\mtrie\OneDrive\Documents\IT\python\CNN train\IMG\center_2024_02_17_22_36_37_593.jpg,D:\mtrie\OneDrive\Documents\IT\python\CNN train\IMG\left_2024_02_17_22_36_37_593.jpg,D:\mtrie\OneDrive\Documents\IT\python\CNN train\IMG\right_2024_02_17_22_36_37_593.jpg,0,1,0,30.19031
D:\mtrie\OneDrive\Documents\IT\python\CNN train\IMG\center_2024_02_17_22_36_37_660.jpg,D:\mtrie\OneDrive\Documents\IT\python\CNN train\IMG\left_2024_02_17_22_36_37_660.jpg,D:\mtrie\OneDrive\Documents\IT\python\CNN train\IMG\right_2024_02_17_22_36_37_660.jpg,0,1,0,30.19031
D:\mtrie\OneDrive\Documents\IT\python\CNN train\IMG\center_2024_02_17_22_36_37_731.jpg,D:\mtrie\OneDrive\Documents\IT\python\CNN train\IMG\left_2024_02_17_22_36_37_731.jpg,D:\mtrie\OneDrive\Documents\IT\python\CNN train\IMG\right_2024_02_17_22_36_37_731.jpg,-0.15,1,0,30.18371
D:\mtrie\OneDrive\Documents\IT\python\CNN train\IMG\center_2024_02_17_22_36_37_798.jpg,D:\mtrie\OneDrive\Documents\IT\python\CNN train\IMG\left_2024_02_17_22_36_37_798.jpg,D:\mtrie\OneDrive\Documents\IT\python\CNN train\IMG\right_2024_02_17_22_36_37_798.jpg,-0.3,1,0,30.16936
D:\mtrie\OneDrive\Documents\IT\python\CNN train\IMG\center_2024_02_17_22_36_37_868.jpg,D:\mtrie\OneDrive\Documents\IT\python\CNN train\IMG\left_2024_02_17_22_36_37_868.jpg,D:\mtrie\OneDrive\Documents\IT\python\CNN train\IMG\right_2024_02_17_22_36_37_868.jpg,0,1,0,30.18993
D:\mtrie\OneDrive\Documents\IT\python\CNN train\IMG\center_2024_02_17_22_36_37_947.jpg,D:\mtrie\OneDrive\Documents\IT\python\CNN train\IMG\left_2024_02_17_22_36_37_947.jpg,D:\mtrie\OneDrive\Documents\IT\python\CNN train\IMG\right_2024_02_17_22_36_37_947.jpg,0,1,0,30.19019
D:\mtrie\OneDrive\Documents\IT\python\CNN train\IMG\center_2024_02_17_22_36_38_014.jpg,D:\mtrie\OneDrive\Documents\IT\python\CNN train\IMG\left_2024_02_17_22_36_38_014.jpg,D:\mtrie\OneDrive\Documents\IT\python\CNN train\IMG\right_2024_02_17_22_36_38_014.jpg,0,1,0,30.19025
D:\mtrie\OneDrive\Documents\IT\python\CNN train\IMG\center_2024_02_17_22_36_38_088.jpg,D:\mtrie\OneDrive\Documents\IT\python\CNN train\IMG\left_2024_02_17_22_36_38_088.jpg,D:\mtrie\OneDrive\Documents\IT\python\CNN train\IMG\right_2024_02_17_22_36_38_088.jpg,0,1,0,30.19031
D:\mtrie\OneDrive\Documents\IT\python\CNN train\IMG\center_2024_02_17_22_36_38_158.jpg,D:\mtrie\OneDrive\Documents\IT\python\CNN train\IMG\left_2024_02_17_22_36_38_158.jpg,D:\mtrie\OneDrive\Documents\IT\python\CNN train\IMG\right_2024_02_17_22_36_38_158.jpg,0,1,0,30.1903
D:\mtrie\OneDrive\Documents\IT\python\CNN train\IMG\center_2024_02_17_22_36_38_225.jpg,D:\mtrie\OneDrive\Documents\IT\python\CNN train\IMG\left_2024_02_17_22_36_38_225.jpg,D:\mtrie\OneDrive\Documents\IT\python\CNN train\IMG\right_2024_02_17_22_36_38_225.jpg,0,1,0,30.19029
D:\mtrie\OneDrive\Documents\IT\python\CNN train\IMG\center_2024_02_17_22_36_38_297.jpg,D:\mtrie\OneDrive\Documents\IT\python\CNN train\IMG\left_2024_02_17_22_36_38_297.jpg,D:\mtrie\OneDrive\Documents\IT\python\CNN train\IMG\right_2024_02_17_22_36_38_297.jpg,0,1,0,30.19029
D:\mtrie\OneDrive\Documents\IT\python\CNN train\IMG\center_2024_02_17_22_36_38_372.jpg,D:\mtrie\OneDrive\Documents\IT\python\CNN train\IMG\left_2024_02_17_22_36_38_372.jpg,D:\mtrie\OneDrive\Documents\IT\python\CNN train\IMG\right_2024_02_17_22_36_38_372.jpg,0,1,0,30.19029
D:\mtrie\OneDrive\Documents\IT\python\CNN train\IMG\center_2024_02_17_22_36_38_443.jpg,D:\mtrie\OneDrive\Documents\IT\python\CNN train\IMG\left_2024_02_17_22_36_38_443.jpg,D:\mtrie\OneDrive\Documents\IT\python\CNN train\IMG\right_2024_02_17_22_36_38_443.jpg,0,1,0,30.19032
D:\mtrie\OneDrive\Documents\IT\python\CNN train\IMG\center_2024_02_17_22_36_38_512.jpg,D:\mtrie\OneDrive\Documents\IT\python\CNN train\IMG\left_2024_02_17_22_36_38_512.jpg,D:\mtrie\OneDrive\Documents\IT\python\CNN train\IMG\right_2024_02_17_22_36_38_512.jpg,-0.05,1,0,30.18971
D:\mtrie\OneDrive\Documents\IT\python\CNN train\IMG\center_2024_02_17_22_36_38_586.jpg,D:\mtrie\OneDrive\Documents\IT\python\CNN train\IMG\left_2024_02_17_22_36_38_586.jpg,D:\mtrie\OneDrive\Documents\IT\python\CNN train\IMG\right_2024_02_17_22_36_38_586.jpg,-0.25,1,0,30.17466
D:\mtrie\OneDrive\Documents\IT\python\CNN train\IMG\center_2024_02_17_22_36_38_657.jpg,D:\mtrie\OneDrive\Documents\IT\python\CNN train\IMG\left_2024_02_17_22_36_38_657.jpg,D:\mtrie\OneDrive\Documents\IT\python\CNN train\IMG\right_2024_02_17_22_36_38_657.jpg,-0.4,1,0,30.15751
D:\mtrie\OneDrive\Documents\IT\python\CNN train\IMG\center_2024_02_17_22_36_38_726.jpg,D:\mtrie\OneDrive\Documents\IT\python\CNN train\IMG\left_2024_02_17_22_36_38_726.jpg,D:\mtrie\OneDrive\Documents\IT\python\CNN train\IMG\right_2024_02_17_22_36_38_726.jpg,0,1,0,30.17488
D:\mtrie\OneDrive\Documents\IT\python\CNN train\IMG\center_2024_02_17_22_36_38_793.jpg,D:\mtrie\OneDrive\Documents\IT\python\CNN train\IMG\left_2024_02_17_22_36_38_793.jpg,D:\mtrie\OneDrive\Documents\IT\python\CNN train\IMG\right_2024_02_17_22_36_38_793.jpg,0,1,0,30.18608
D:\mtrie\OneDrive\Documents\IT\python\CNN train\IMG\center_2024_02_17_22_36_38_860.jpg,D:\mtrie\OneDrive\Documents\IT\python\CNN train\IMG\left_2024_02_17_22_36_38_860.jpg,D:\mtrie\OneDrive\Documents\IT\python\CNN train\IMG\right_2024_02_17_22_36_38_860.jpg,0,1,0,30.18915
D:\mtrie\OneDrive\Documents\IT\python\CNN train\IMG\center_2024_02_17_22_36_38_929.jpg,D:\mtrie\OneDrive\Documents\IT\python\CNN train\IMG\left_2024_02_17_22_36_38_929.jpg,D:\mtrie\OneDrive\Documents\IT\python\CNN train\IMG\right_2024_02_17_22_36_38_929.jpg,0,1,0,30.19008
D:\mtrie\OneDrive\Documents\IT\python\CNN train\IMG\center_2024_02_17_22_36_39_002.jpg,D:\mtrie\OneDrive\Documents\IT\python\CNN train\IMG\left_2024_02_17_22_36_39_002.jpg,D:\mtrie\OneDrive\Documents\IT\python\CNN train\IMG\right_2024_02_17_22_36_39_002.jpg,0,1,0,30.19026
D:\mtrie\OneDrive\Documents\IT\python\CNN train\IMG\center_2024_02_17_22_36_39_078.jpg,D:\mtrie\OneDrive\Documents\IT\python\CNN train\IMG\left_2024_02_17_22_36_39_078.jpg,D:\mtrie\OneDrive\Documents\IT\python\CNN train\IMG\right_2024_02_17_22_36_39_078.jpg,-0.2,1,0,30.18136
D:\mtrie\OneDrive\Documents\IT\python\CNN train\IMG\center_2024_02_17_22_36_39_155.jpg,D:\mtrie\OneDrive\Documents\IT\python\CNN train\IMG\left_2024_02_17_22_36_39_155.jpg,D:\mtrie\OneDrive\Documents\IT\python\CNN train\IMG\right_2024_02_17_22_36_39_155.jpg,0,1,0,30.18946
D:\mtrie\OneDrive\Documents\IT\python\CNN train\IMG\center_2024_02_17_22_36_39_223.jpg,D:\mtrie\OneDrive\Documents\IT\python\CNN train\IMG\left_2024_02_17_22_36_39_223.jpg,D:\mtrie\OneDrive\Documents\IT\python\CNN train\IMG\right_2024_02_17_22_36_39_223.jpg,0,1,0,30.1902
D:\mtrie\OneDrive\Documents\IT\python\CNN train\IMG\center_2024_02_17_22_36_39_292.jpg,D:\mtrie\OneDrive\Documents\IT\python\CNN train\IMG\left_2024_02_17_22_36_39_292.jpg,D:\mtrie\OneDrive\Documents\IT\python\CNN train\IMG\right_2024_02_17_22_36_39_292.jpg,0,1,0,30.19029
D:\mtrie\OneDrive\Documents\IT\python\CNN train\IMG\center_2024_02_17_22_36_39_360.jpg,D:\mtrie\OneDrive\Documents\IT\python\CNN train\IMG\left_2024_02_17_22_36_39_360.jpg,D:\mtrie\OneDrive\Documents\IT\python\CNN train\IMG\right_2024_02_17_22_36_39_360.jpg,0,1,0,30.1903
D:\mtrie\OneDrive\Documents\IT\python\CNN train\IMG\center_2024_02_17_22_36_39_435.jpg,D:\mtrie\OneDrive\Documents\IT\python\CNN train\IMG\left_2024_02_17_22_36_39_435.jpg,D:\mtrie\OneDrive\Documents\IT\python\CNN train\IMG\right_2024_02_17_22_36_39_435.jpg,0,1,0,30.1903
D:\mtrie\OneDrive\Documents\IT\python\CNN train\IMG\center_2024_02_17_22_36_39_512.jpg,D:\mtrie\OneDrive\Documents\IT\python\CNN train\IMG\left_2024_02_17_22_36_39_512.jpg,D:\mtrie\OneDrive\Documents\IT\python\CNN train\IMG\right_2024_02_17_22_36_39_512.jpg,0,1,0,30.19029
D:\mtrie\OneDrive\Documents\IT\python\CNN train\IMG\center_2024_02_17_22_36_39_590.jpg,D:\mtrie\OneDrive\Documents\IT\python\CNN train\IMG\left_2024_02_17_22_36_39_590.jpg,D:\mtrie\OneDrive\Documents\IT\python\CNN train\IMG\right_2024_02_17_22_36_39_590.jpg,0,1,0,30.19031
D:\mtrie\OneDrive\Documents\IT\python\CNN train\IMG\center_2024_02_17_22_36_39_657.jpg,D:\mtrie\OneDrive\Documents\IT\python\CNN train\IMG\left_2024_02_17_22_36_39_657.jpg,D:\mtrie\OneDrive\Documents\IT\python\CNN train\IMG\right_2024_02_17_22_36_39_657.jpg,0,1,0,30.1903
D:\mtrie\OneDrive\Documents\IT\python\CNN train\IMG\center_2024_02_17_22_36_39_732.jpg,D:\mtrie\OneDrive\Documents\IT\python\CNN train\IMG\left_2024_02_17_22_36_39_732.jpg,D:\mtrie\OneDrive\Documents\IT\python\CNN train\IMG\right_2024_02_17_22_36_39_732.jpg,0.05,1,0,30.18974
D:\mtrie\OneDrive\Documents\IT\python\CNN train\IMG\center_2024_02_17_22_36_39_800.jpg,D:\mtrie\OneDrive\Documents\IT\python\CNN train\IMG\left_2024_02_17_22_36_39_800.jpg,D:\mtrie\OneDrive\Documents\IT\python\CNN train\IMG\right_2024_02_17_22_36_39_800.jpg,0.2,1,0,30.17988
D:\mtrie\OneDrive\Documents\IT\python\CNN train\IMG\center_2024_02_17_22_36_39_868.jpg,D:\mtrie\OneDrive\Documents\IT\python\CNN train\IMG\left_2024_02_17_22_36_39_868.jpg,D:\mtrie\OneDrive\Documents\IT\python\CNN train\IMG\right_2024_02_17_22_36_39_868.jpg,0,1,0,30.19026
D:\mtrie\OneDrive\Documents\IT\python\CNN train\IMG\center_2024_02_17_22_36_39_934.jpg,D:\mtrie\OneDrive\Documents\IT\python\CNN train\IMG\left_2024_02_17_22_36_39_934.jpg,D:\mtrie\OneDrive\Documents\IT\python\CNN train\IMG\right_2024_02_17_22_36_39_934.jpg,0,1,0,30.19027
D:\mtrie\OneDrive\Documents\IT\python\CNN train\IMG\center_2024_02_17_22_36_40_010.jpg,D:\mtrie\OneDrive\Documents\IT\python\CNN train\IMG\left_2024_02_17_22_36_40_010.jpg,D:\mtrie\OneDrive\Documents\IT\python\CNN train\IMG\right_2024_02_17_22_36_40_010.jpg,-0.15,1,0,30.18332
D:\mtrie\OneDrive\Documents\IT\python\CNN train\IMG\center_2024_02_17_22_36_40_084.jpg,D:\mtrie\OneDrive\Documents\IT\python\CNN train\IMG\left_2024_02_17_22_36_40_084.jpg,D:\mtrie\OneDrive\Documents\IT\python\CNN train\IMG\right_2024_02_17_22_36_40_084.jpg,0,1,0,30.18421
D:\mtrie\OneDrive\Documents\IT\python\CNN train\IMG\center_2024_02_17_22_36_40_156.jpg,D:\mtrie\OneDrive\Documents\IT\python\CNN train\IMG\left_2024_02_17_22_36_40_156.jpg,D:\mtrie\OneDrive\Documents\IT\python\CNN train\IMG\right_2024_02_17_22_36_40_156.jpg,0,1,0,30.18996
D:\mtrie\OneDrive\Documents\IT\python\CNN train\IMG\center_2024_02_17_22_36_40_228.jpg,D:\mtrie\OneDrive\Documents\IT\python\CNN train\IMG\left_2024_02_17_22_36_40_228.jpg,D:\mtrie\OneDrive\Documents\IT\python\CNN train\IMG\right_2024_02_17_22_36_40_228.jpg,0,1,0,30.19017
D:\mtrie\OneDrive\Documents\IT\python\CNN train\IMG\center_2024_02_17_22_36_40_296.jpg,D:\mtrie\OneDrive\Documents\IT\python\CNN train\IMG\left_2024_02_17_22_36_40_296.jpg,D:\mtrie\OneDrive\Documents\IT\python\CNN train\IMG\right_2024_02_17_22_36_40_296.jpg,0,1,0,30.19024
D:\mtrie\OneDrive\Documents\IT\python\CNN train\IMG\center_2024_02_17_22_36_40_365.jpg,D:\mtrie\OneDrive\Documents\IT\python\CNN train\IMG\left_2024_02_17_22_36_40_365.jpg,D:\mtrie\OneDrive\Documents\IT\python\CNN train\IMG\right_2024_02_17_22_36_40_365.jpg,0,1,0,30.1903
D:\mtrie\OneDrive\Documents\IT\python\CNN train\IMG\center_2024_02_17_22_36_40_439.jpg,D:\mtrie\OneDrive\Documents\IT\python\CNN train\IMG\left_2024_02_17_22_36_40_439.jpg,D:\mtrie\OneDrive\Documents\IT\python\CNN train\IMG\right_2024_02_17_22_36_40_439.jpg,0,1,0,30.19029
D:\mtrie\OneDrive\Documents\IT\python\CNN train\IMG\center_2024_02_17_22_36_40_510.jpg,D:\mtrie\OneDrive\Documents\IT\python\CNN train\IMG\left_2024_02_17_22_36_40_510.jpg,D:\mtrie\OneDrive\Documents\IT\python\CNN train\IMG\right_2024_02_17_22_36_40_510.jpg,-0.05,1,0,30.18978
D:\mtrie\OneDrive\Documents\IT\python\CNN train\IMG\center_2024_02_17_22_36_40_585.jpg,D:\mtrie\OneDrive\Documents\IT\python\CNN train\IMG\left_2024_02_17_22_36_40_585.jpg,D:\mtrie\OneDrive\Documents\IT\python\CNN train\IMG\right_2024_02_17_22_36_40_585.jpg,-0.25,1,0,30.175
D:\mtrie\OneDrive\Documents\IT\python\CNN train\IMG\center_2024_02_17_22_36_40_654.jpg,D:\mtrie\OneDrive\Documents\IT\python\CNN train\IMG\left_2024_02_17_22_36_40_654.jpg,D:\mtrie\OneDrive\Documents\IT\python\CNN train\IMG\right_2024_02_17_22_36_40_654.jpg,0,1,0,30.1907
D:\mtrie\OneDrive\Documents\IT\python\CNN train\IMG\center_2024_02_17_22_36_40_727.jpg,D:\mtrie\OneDrive\Documents\IT\python\CNN train\IMG\left_2024_02_17_22_36_40_727.jpg,D:\mtrie\OneDrive\Documents\IT\python\CNN train\IMG\right_2024_02_17_22_36_40_727.jpg,0,1,0,30.19005
D:\mtrie\OneDrive\Documents\IT\python\CNN train\IMG\center_2024_02_17_22_36_40_795.jpg,D:\mtrie\OneDrive\Documents\IT\python\CNN train\IMG\left_2024_02_17_22_36_40_795.jpg,D:\mtrie\OneDrive\Documents\IT\python\CNN train\IMG\right_2024_02_17_22_36_40_795.jpg,0,1,0,30.1902
D:\mtrie\OneDrive\Documents\IT\python\CNN train\IMG\center_2024_02_17_22_36_40_862.jpg,D:\mtrie\OneDrive\Documents\IT\python\CNN train\IMG\left_2024_02_17_22_36_40_862.jpg,D:\mtrie\OneDrive\Documents\IT\python\CNN train\IMG\right_2024_02_17_22_36_40_862.jpg,0,1,0,30.19036
D:\mtrie\OneDrive\Documents\IT\python\CNN train\IMG\center_2024_02_17_22_36_40_932.jpg,D:\mtrie\OneDrive\Documents\IT\python\CNN train\IMG\left_2024_02_17_22_36_40_932.jpg,D:\mtrie\OneDrive\Documents\IT\python\CNN train\IMG\right_2024_02_17_22_36_40_932.jpg,0.15,1,0,30.18349
D:\mtrie\OneDrive\Documents\IT\python\CNN train\IMG\center_2024_02_17_22_36_41_005.jpg,D:\mtrie\OneDrive\Documents\IT\python\CNN train\IMG\left_2024_02_17_22_36_41_005.jpg,D:\mtrie\OneDrive\Documents\IT\python\CNN train\IMG\right_2024_02_17_22_36_41_005.jpg,0,1,0,30.18962
D:\mtrie\OneDrive\Documents\IT\python\CNN train\IMG\center_2024_02_17_22_36_41_078.jpg,D:\mtrie\OneDrive\Documents\IT\python\CNN train\IMG\left_2024_02_17_22_36_41_078.jpg,D:\mtrie\OneDrive\Documents\IT\python\CNN train\IMG\right_2024_02_17_22_36_41_078.jpg,0,1,0,30.19004
D:\mtrie\OneDrive\Documents\IT\python\CNN train\IMG\center_2024_02_17_22_36_41_153.jpg,D:\mtrie\OneDrive\Documents\IT\python\CNN train\IMG\left_2024_02_17_22_36_41_153.jpg,D:\mtrie\OneDrive\Documents\IT\python\CNN train\IMG\right_2024_02_17_22_36_41_153.jpg,-0.2,1,0,30.1786
D:\mtrie\OneDrive\Documents\IT\python\CNN train\IMG\center_2024_02_17_22_36_41_223.jpg,D:\mtrie\OneDrive\Documents\IT\python\CNN train\IMG\left_2024_02_17_22_36_41_223.jpg,D:\mtrie\OneDrive\Documents\IT\python\CNN train\IMG\right_2024_02_17_22_36_41_223.jpg,0,1,0,30.19114
D:\mtrie\OneDrive\Documents\IT\python\CNN train\IMG\center_2024_02_17_22_36_41_293.jpg,D:\mtrie\OneDrive\Documents\IT\python\CNN train\IMG\left_2024_02_17_22_36_41_293.jpg,D:\mtrie\OneDrive\Documents\IT\python\CNN train\IMG\right_2024_02_17_22_36_41_293.jpg,0,1,0,30.18982
D:\mtrie\OneDrive\Documents\IT\python\CNN train\IMG\center_2024_02_17_22_36_41_367.jpg,D:\mtrie\OneDrive\Documents\IT\python\CNN train\IMG\left_2024_02_17_22_36_41_367.jpg,D:\mtrie\OneDrive\Documents\IT\python\CNN train\IMG\right_2024_02_17_22_36_41_367.jpg,-0.15,1,0,30.18617
D:\mtrie\OneDrive\Documents\IT\python\CNN train\IMG\center_2024_02_17_22_36_41_444.jpg,D:\mtrie\OneDrive\Documents\IT\python\CNN train\IMG\left_2024_02_17_22_36_41_444.jpg,D:\mtrie\OneDrive\Documents\IT\python\CNN train\IMG\right_2024_02_17_22_36_41_444.jpg,0,1,0,30.1902
D:\mtrie\OneDrive\Documents\IT\python\CNN train\IMG\center_2024_02_17_22_36_41_517.jpg,D:\mtrie\OneDrive\Documents\IT\python\CNN train\IMG\left_2024_02_17_22_36_41_517.jpg,D:\mtrie\OneDrive\Documents\IT\python\CNN train\IMG\right_2024_02_17_22_36_41_517.jpg,0.15,1,0,30.18258
D:\mtrie\OneDrive\Documents\IT\python\CNN train\IMG\center_2024_02_17_22_36_41_592.jpg,D:\mtrie\OneDrive\Documents\IT\python\CNN train\IMG\left_2024_02_17_22_36_41_592.jpg,D:\mtrie\OneDrive\Documents\IT\python\CNN train\IMG\right_2024_02_17_22_36_41_592.jpg,-0.05,1,0,30.18925
D:\mtrie\OneDrive\Documents\IT\python\CNN train\IMG\center_2024_02_17_22_36_41_660.jpg,D:\mtrie\OneDrive\Documents\IT\python\CNN train\IMG\left_2024_02_17_22_36_41_660.jpg,D:\mtrie\OneDrive\Documents\IT\python\CNN train\IMG\right_2024_02_17_22_36_41_660.jpg,0,1,0,30.19084
D:\mtrie\OneDrive\Documents\IT\python\CNN train\IMG\center_2024_02_17_22_36_41_733.jpg,D:\mtrie\OneDrive\Documents\IT\python\CNN train\IMG\left_2024_02_17_22_36_41_733.jpg,D:\mtrie\OneDrive\Documents\IT\python\CNN train\IMG\right_2024_02_17_22_36_41_733.jpg,0,1,0,30.19032
D:\mtrie\OneDrive\Documents\IT\python\CNN train\IMG\center_2024_02_17_22_36_41_808.jpg,D:\mtrie\OneDrive\Documents\IT\python\CNN train\IMG\left_2024_02_17_22_36_41_808.jpg,D:\mtrie\OneDrive\Documents\IT\python\CNN train\IMG\right_2024_02_17_22_36_41_808.jpg,-0.2,1,0,30.17978
D:\mtrie\OneDrive\Documents\IT\python\CNN train\IMG\center_2024_02_17_22_36_41_878.jpg,D:\mtrie\OneDrive\Documents\IT\python\CNN train\IMG\left_2024_02_17_22_36_41_878.jpg,D:\mtrie\OneDrive\Documents\IT\python\CNN train\IMG\right_2024_02_17_22_36_41_878.jpg,-0.35,1,0,30.1634
D:\mtrie\OneDrive\Documents\IT\python\CNN train\IMG\center_2024_02_17_22_36_41_949.jpg,D:\mtrie\OneDrive\Documents\IT\python\CNN train\IMG\left_2024_02_17_22_36_41_949.jpg,D:\mtrie\OneDrive\Documents\IT\python\CNN train\IMG\right_2024_02_17_22_36_41_949.jpg,-0.5500001,1,0,30.13925
D:\mtrie\OneDrive\Documents\IT\python\CNN train\IMG\center_2024_02_17_22_36_42_020.jpg,D:\mtrie\OneDrive\Documents\IT\python\CNN train\IMG\left_2024_02_17_22_36_42_020.jpg,D:\mtrie\OneDrive\Documents\IT\python\CNN train\IMG\right_2024_02_17_22_36_42_020.jpg,-0.7,1,0,30.12101
D:\mtrie\OneDrive\Documents\IT\python\CNN train\IMG\center_2024_02_17_22_36_42_096.jpg,D:\mtrie\OneDrive\Documents\IT\python\CNN train\IMG\left_2024_02_17_22_36_42_096.jpg,D:\mtrie\OneDrive\Documents\IT\python\CNN train\IMG\right_2024_02_17_22_36_42_096.jpg,-0.6000001,1,0,30.16809
D:\mtrie\OneDrive\Documents\IT\python\CNN train\IMG\center_2024_02_17_22_36_42_166.jpg,D:\mtrie\OneDrive\Documents\IT\python\CNN train\IMG\left_2024_02_17_22_36_42_166.jpg,D:\mtrie\OneDrive\Documents\IT\python\CNN train\IMG\right_2024_02_17_22_36_42_166.jpg,-0.5000001,1,0,30.19184
D:\mtrie\OneDrive\Documents\IT\python\CNN train\IMG\center_2024_02_17_22_36_42_239.jpg,D:\mtrie\OneDrive\Documents\IT\python\CNN train\IMG\left_2024_02_17_22_36_42_239.jpg,D:\mtrie\OneDrive\Documents\IT\python\CNN train\IMG\right_2024_02_17_22_36_42_239.jpg,-0.5500001,1,0,30.17741
D:\mtrie\OneDrive\Documents\IT\python\CNN train\IMG\center_2024_02_17_22_36_42_315.jpg,D:\mtrie\OneDrive\Documents\IT\python\CNN train\IMG\left_2024_02_17_22_36_42_315.jpg,D:\mtrie\OneDrive\Documents\IT\python\CNN train\IMG\right_2024_02_17_22_36_42_315.jpg,-0.35,1,0,30.19781
D:\mtrie\OneDrive\Documents\IT\python\CNN train\IMG\center_2024_02_17_22_36_42_390.jpg,D:\mtrie\OneDrive\Documents\IT\python\CNN train\IMG\left_2024_02_17_22_36_42_390.jpg,D:\mtrie\OneDrive\Documents\IT\python\CNN train\IMG\right_2024_02_17_22_36_42_390.jpg,-0.15,1,0,30.19328
D:\mtrie\OneDrive\Documents\IT\python\CNN train\IMG\center_2024_02_17_22_36_42_462.jpg,D:\mtrie\OneDrive\Documents\IT\python\CNN train\IMG\left_2024_02_17_22_36_42_462.jpg,D:\mtrie\OneDrive\Documents\IT\python\CNN train\IMG\right_2024_02_17_22_36_42_462.jpg,0.05,1,0,30.16804
D:\mtrie\OneDrive\Documents\IT\python\CNN train\IMG\center_2024_02_17_22_36_42_531.jpg,D:\mtrie\OneDrive\Documents\IT\python\CNN train\IMG\left_2024_02_17_22_36_42_531.jpg,D:\mtrie\OneDrive\Documents\IT\python\CNN train\IMG\right_2024_02_17_22_36_42_531.jpg,0.2,1,0,30.16833
D:\mtrie\OneDrive\Documents\IT\python\CNN train\IMG\center_2024_02_17_22_36_42_600.jpg,D:\mtrie\OneDrive\Documents\IT\python\CNN train\IMG\left_2024_02_17_22_36_42_600.jpg,D:\mtrie\OneDrive\Documents\IT\python\CNN train\IMG\right_2024_02_17_22_36_42_600.jpg,0.35,1,0,30.16615
D:\mtrie\OneDrive\Documents\IT\python\CNN train\IMG\center_2024_02_17_22_36_42_674.jpg,D:\mtrie\OneDrive\Documents\IT\python\CNN train\IMG\left_2024_02_17_22_36_42_674.jpg,D:\mtrie\OneDrive\Documents\IT\python\CNN train\IMG\right_2024_02_17_22_36_42_674.jpg,0.55,1,0,30.00987
D:\mtrie\OneDrive\Documents\IT\python\CNN train\IMG\center_2024_02_17_22_36_42_747.jpg,D:\mtrie\OneDrive\Documents\IT\python\CNN train\IMG\left_2024_02_17_22_36_42_747.jpg,D:\mtrie\OneDrive\Documents\IT\python\CNN train\IMG\right_2024_02_17_22_36_42_747.jpg,0.7500001,1,0,29.9742
D:\mtrie\OneDrive\Documents\IT\python\CNN train\IMG\center_2024_02_17_22_36_42_819.jpg,D:\mtrie\OneDrive\Documents\IT\python\CNN train\IMG\left_2024_02_17_22_36_42_819.jpg,D:\mtrie\OneDrive\Documents\IT\python\CNN train\IMG\right_2024_02_17_22_36_42_819.jpg,0.9000001,1,0,29.92723
D:\mtrie\OneDrive\Documents\IT\python\CNN train\IMG\center_2024_02_17_22_36_42_886.jpg,D:\mtrie\OneDrive\Documents\IT\python\CNN train\IMG\left_2024_02_17_22_36_42_886.jpg,D:\mtrie\OneDrive\Documents\IT\python\CNN train\IMG\right_2024_02_17_22_36_42_886.jpg,1,1,0,30.28897
D:\mtrie\OneDrive\Documents\IT\python\CNN train\IMG\center_2024_02_17_22_36_42_959.jpg,D:\mtrie\OneDrive\Documents\IT\python\CNN train\IMG\left_2024_02_17_22_36_42_959.jpg,D:\mtrie\OneDrive\Documents\IT\python\CNN train\IMG\right_2024_02_17_22_36_42_959.jpg,1,1,0,30.15053
D:\mtrie\OneDrive\Documents\IT\python\CNN train\IMG\center_2024_02_17_22_36_43_033.jpg,D:\mtrie\OneDrive\Documents\IT\python\CNN train\IMG\left_2024_02_17_22_36_43_033.jpg,D:\mtrie\OneDrive\Documents\IT\python\CNN train\IMG\right_2024_02_17_22_36_43_033.jpg,1,1,0,29.91045
D:\mtrie\OneDrive\Documents\IT\python\CNN train\IMG\center_2024_02_17_22_36_43_107.jpg,D:\mtrie\OneDrive\Documents\IT\python\CNN train\IMG\left_2024_02_17_22_36_43_107.jpg,D:\mtrie\OneDrive\Documents\IT\python\CNN train\IMG\right_2024_02_17_22_36_43_107.jpg,1,1,0,29.63562
D:\mtrie\OneDrive\Documents\IT\python\CNN train\IMG\center_2024_02_17_22_36_43_176.jpg,D:\mtrie\OneDrive\Documents\IT\python\CNN train\IMG\left_2024_02_17_22_36_43_176.jpg,D:\mtrie\OneDrive\Documents\IT\python\CNN train\IMG\right_2024_02_17_22_36_43_176.jpg,1,1,0,29.83095
D:\mtrie\OneDrive\Documents\IT\python\CNN train\IMG\center_2024_02_17_22_36_43_251.jpg,D:\mtrie\OneDrive\Documents\IT\python\CNN train\IMG\left_2024_02_17_22_36_43_251.jpg,D:\mtrie\OneDrive\Documents\IT\python\CNN train\IMG\right_2024_02_17_22_36_43_251.jpg,0,1,0,30.07391
D:\mtrie\OneDrive\Documents\IT\python\CNN train\IMG\center_2024_02_17_22_36_43_329.jpg,D:\mtrie\OneDrive\Documents\IT\python\CNN train\IMG\left_2024_02_17_22_36_43_329.jpg,D:\mtrie\OneDrive\Documents\IT\python\CNN train\IMG\right_2024_02_17_22_36_43_329.jpg,0,1,0,30.10189
D:\mtrie\OneDrive\Documents\IT\python\CNN train\IMG\center_2024_02_17_22_36_43_402.jpg,D:\mtrie\OneDrive\Documents\IT\python\CNN train\IMG\left_2024_02_17_22_36_43_402.jpg,D:\mtrie\OneDrive\Documents\IT\python\CNN train\IMG\right_2024_02_17_22_36_43_402.jpg,0,1,0,30.16854
D:\mtrie\OneDrive\Documents\IT\python\CNN train\IMG\center_2024_02_17_22_36_43_476.jpg,D:\mtrie\OneDrive\Documents\IT\python\CNN train\IMG\left_2024_02_17_22_36_43_476.jpg,D:\mtrie\OneDrive\Documents\IT\python\CNN train\IMG\right_2024_02_17_22_36_43_476.jpg,-0.15,1,0,30.15453
D:\mtrie\OneDrive\Documents\IT\python\CNN train\IMG\center_2024_02_17_22_36_43_550.jpg,D:\mtrie\OneDrive\Documents\IT\python\CNN train\IMG\left_2024_02_17_22_36_43_550.jpg,D:\mtrie\OneDrive\Documents\IT\python\CNN train\IMG\right_2024_02_17_22_36_43_550.jpg,-0.35,1,0,30.30039
D:\mtrie\OneDrive\Documents\IT\python\CNN train\IMG\center_2024_02_17_22_36_43_622.jpg,D:\mtrie\OneDrive\Documents\IT\python\CNN train\IMG\left_2024_02_17_22_36_43_622.jpg,D:\mtrie\OneDrive\Documents\IT\python\CNN train\IMG\right_2024_02_17_22_36_43_622.jpg,-0.5000001,1,0,30.18756
D:\mtrie\OneDrive\Documents\IT\python\CNN train\IMG\center_2024_02_17_22_36_43_701.jpg,D:\mtrie\OneDrive\Documents\IT\python\CNN train\IMG\left_2024_02_17_22_36_43_701.jpg,D:\mtrie\OneDrive\Documents\IT\python\CNN train\IMG\right_2024_02_17_22_36_43_701.jpg,-0.7,1,0,30.22852
D:\mtrie\OneDrive\Documents\IT\python\CNN train\IMG\center_2024_02_17_22_36_43_780.jpg,D:\mtrie\OneDrive\Documents\IT\python\CNN train\IMG\left_2024_02_17_22_36_43_780.jpg,D:\mtrie\OneDrive\Documents\IT\python\CNN train\IMG\right_2024_02_17_22_36_43_780.jpg,0,1,0,30.19652
D:\mtrie\OneDrive\Documents\IT\python\CNN train\IMG\center_2024_02_17_22_36_43_856.jpg,D:\mtrie\OneDrive\Documents\IT\python\CNN train\IMG\left_2024_02_17_22_36_43_856.jpg,D:\mtrie\OneDrive\Documents\IT\python\CNN train\IMG\right_2024_02_17_22_36_43_856.jpg,0,1,0,30.22075
D:\mtrie\OneDrive\Documents\IT\python\CNN train\IMG\center_2024_02_17_22_36_43_931.jpg,D:\mtrie\OneDrive\Documents\IT\python\CNN train\IMG\left_2024_02_17_22_36_43_931.jpg,D:\mtrie\OneDrive\Documents\IT\python\CNN train\IMG\right_2024_02_17_22_36_43_931.jpg,0,1,0,30.24953
D:\mtrie\OneDrive\Documents\IT\python\CNN train\IMG\center_2024_02_17_22_36_44_005.jpg,D:\mtrie\OneDrive\Documents\IT\python\CNN train\IMG\left_2024_02_17_22_36_44_005.jpg,D:\mtrie\OneDrive\Documents\IT\python\CNN train\IMG\right_2024_02_17_22_36_44_005.jpg,0,1,0,30.28383
D:\mtrie\OneDrive\Documents\IT\python\CNN train\IMG\center_2024_02_17_22_36_44_076.jpg,D:\mtrie\OneDrive\Documents\IT\python\CNN train\IMG\left_2024_02_17_22_36_44_076.jpg,D:\mtrie\OneDrive\Documents\IT\python\CNN train\IMG\right_2024_02_17_22_36_44_076.jpg,0,1,0,30.19344
D:\mtrie\OneDrive\Documents\IT\python\CNN train\IMG\center_2024_02_17_22_36_44_148.jpg,D:\mtrie\OneDrive\Documents\IT\python\CNN train\IMG\left_2024_02_17_22_36_44_148.jpg,D:\mtrie\OneDrive\Documents\IT\python\CNN train\IMG\right_2024_02_17_22_36_44_148.jpg,0,1,0,30.19302
D:\mtrie\OneDrive\Documents\IT\python\CNN train\IMG\center_2024_02_17_22_36_44_225.jpg,D:\mtrie\OneDrive\Documents\IT\python\CNN train\IMG\left_2024_02_17_22_36_44_225.jpg,D:\mtrie\OneDrive\Documents\IT\python\CNN train\IMG\right_2024_02_17_22_36_44_225.jpg,0,1,0,30.18994
D:\mtrie\OneDrive\Documents\IT\python\CNN train\IMG\center_2024_02_17_22_36_44_297.jpg,D:\mtrie\OneDrive\Documents\IT\python\CNN train\IMG\left_2024_02_17_22_36_44_297.jpg,D:\mtrie\OneDrive\Documents\IT\python\CNN train\IMG\right_2024_02_17_22_36_44_297.jpg,-0.15,1,0,30.18439
D:\mtrie\OneDrive\Documents\IT\python\CNN train\IMG\center_2024_02_17_22_36_44_368.jpg,D:\mtrie\OneDrive\Documents\IT\python\CNN train\IMG\left_2024_02_17_22_36_44_368.jpg,D:\mtrie\OneDrive\Documents\IT\python\CNN train\IMG\right_2024_02_17_22_36_44_368.jpg,-0.35,1,0,30.16369
D:\mtrie\OneDrive\Documents\IT\python\CNN train\IMG\center_2024_02_17_22_36_44_440.jpg,D:\mtrie\OneDrive\Documents\IT\python\CNN train\IMG\left_2024_02_17_22_36_44_440.jpg,D:\mtrie\OneDrive\Documents\IT\python\CNN train\IMG\right_2024_02_17_22_36_44_440.jpg,-0.5000001,1,0,30.1455
D:\mtrie\OneDrive\Documents\IT\python\CNN train\IMG\center_2024_02_17_22_36_44_514.jpg,D:\mtrie\OneDrive\Documents\IT\python\CNN train\IMG\left_2024_02_17_22_36_44_514.jpg,D:\mtrie\OneDrive\Documents\IT\python\CNN train\IMG\right_2024_02_17_22_36_44_514.jpg,-0.7,1,0,30.1211
D:\mtrie\OneDrive\Documents\IT\python\CNN train\IMG\center_2024_02_17_22_36_44_587.jpg,D:\mtrie\OneDrive\Documents\IT\python\CNN train\IMG\left_2024_02_17_22_36_44_587.jpg,D:\mtrie\OneDrive\Documents\IT\python\CNN train\IMG\right_2024_02_17_22_36_44_587.jpg,-0.9000002,1,0,30.10093
D:\mtrie\OneDrive\Documents\IT\python\CNN train\IMG\center_2024_02_17_22_36_44_661.jpg,D:\mtrie\OneDrive\Documents\IT\python\CNN train\IMG\left_2024_02_17_22_36_44_661.jpg,D:\mtrie\OneDrive\Documents\IT\python\CNN train\IMG\right_2024_02_17_22_36_44_661.jpg,-1,1,0,30.09593
D:\mtrie\OneDrive\Documents\IT\python\CNN train\IMG\center_2024_02_17_22_36_44_729.jpg,D:\mtrie\OneDrive\Documents\IT\python\CNN train\IMG\left_2024_02_17_22_36_44_729.jpg,D:\mtrie\OneDrive\Documents\IT\python\CNN train\IMG\right_2024_02_17_22_36_44_729.jpg,0,1,0,30.17278
D:\mtrie\OneDrive\Documents\IT\python\CNN train\IMG\center_2024_02_17_22_36_44_807.jpg,D:\mtrie\OneDrive\Documents\IT\python\CNN train\IMG\left_2024_02_17_22_36_44_807.jpg,D:\mtrie\OneDrive\Documents\IT\python\CNN train\IMG\right_2024_02_17_22_36_44_807.jpg,0,1,0,30.18435
D:\mtrie\OneDrive\Documents\IT\python\CNN train\IMG\center_2024_02_17_22_36_44_883.jpg,D:\mtrie\OneDrive\Documents\IT\python\CNN train\IMG\left_2024_02_17_22_36_44_883.jpg,D:\mtrie\OneDrive\Documents\IT\python\CNN train\IMG\right_2024_02_17_22_36_44_883.jpg,0,1,0,30.18947
D:\mtrie\OneDrive\Documents\IT\python\CNN train\IMG\center_2024_02_17_22_36_44_955.jpg,D:\mtrie\OneDrive\Documents\IT\python\CNN train\IMG\left_2024_02_17_22_36_44_955.jpg,D:\mtrie\OneDrive\Documents\IT\python\CNN train\IMG\right_2024_02_17_22_36_44_955.jpg,0.1,1,0,30.18418
D:\mtrie\OneDrive\Documents\IT\python\CNN train\IMG\center_2024_02_17_22_36_45_029.jpg,D:\mtrie\OneDrive\Documents\IT\python\CNN train\IMG\left_2024_02_17_22_36_45_029.jpg,D:\mtrie\OneDrive\Documents\IT\python\CNN train\IMG\right_2024_02_17_22_36_45_029.jpg,0.3,1,0,30.16523
D:\mtrie\OneDrive\Documents\IT\python\CNN train\IMG\center_2024_02_17_22_36_45_100.jpg,D:\mtrie\OneDrive\Documents\IT\python\CNN train\IMG\left_2024_02_17_22_36_45_100.jpg,D:\mtrie\OneDrive\Documents\IT\python\CNN train\IMG\right_2024_02_17_22_36_45_100.jpg,0.45,1,0,30.14847
D:\mtrie\OneDrive\Documents\IT\python\CNN train\IMG\center_2024_02_17_22_36_45_175.jpg,D:\mtrie\OneDrive\Documents\IT\python\CNN train\IMG\left_2024_02_17_22_36_45_175.jpg,D:\mtrie\OneDrive\Documents\IT\python\CNN train\IMG\right_2024_02_17_22_36_45_175.jpg,0.6500001,1,0,30.12454
D:\mtrie\OneDrive\Documents\IT\python\CNN train\IMG\center_2024_02_17_22_36_45_248.jpg,D:\mtrie\OneDrive\Documents\IT\python\CNN train\IMG\left_2024_02_17_22_36_45_248.jpg,D:\mtrie\OneDrive\Documents\IT\python\CNN train\IMG\right_2024_02_17_22_36_45_248.jpg,0,1,0,30.17261
D:\mtrie\OneDrive\Documents\IT\python\CNN train\IMG\center_2024_02_17_22_36_45_317.jpg,D:\mtrie\OneDrive\Documents\IT\python\CNN train\IMG\left_2024_02_17_22_36_45_317.jpg,D:\mtrie\OneDrive\Documents\IT\python\CNN train\IMG\right_2024_02_17_22_36_45_317.jpg,0,1,0,30.18301
D:\mtrie\OneDrive\Documents\IT\python\CNN train\IMG\center_2024_02_17_22_36_45_385.jpg,D:\mtrie\OneDrive\Documents\IT\python\CNN train\IMG\left_2024_02_17_22_36_45_385.jpg,D:\mtrie\OneDrive\Documents\IT\python\CNN train\IMG\right_2024_02_17_22_36_45_385.jpg,0,1,0,30.18892
D:\mtrie\OneDrive\Documents\IT\python\CNN train\IMG\center_2024_02_17_22_36_45_461.jpg,D:\mtrie\OneDrive\Documents\IT\python\CNN train\IMG\left_2024_02_17_22_36_45_461.jpg,D:\mtrie\OneDrive\Documents\IT\python\CNN train\IMG\right_2024_02_17_22_36_45_461.jpg,0,1,0,30.18994
D:\mtrie\OneDrive\Documents\IT\python\CNN train\IMG\center_2024_02_17_22_36_45_535.jpg,D:\mtrie\OneDrive\Documents\IT\python\CNN train\IMG\left_2024_02_17_22_36_45_535.jpg,D:\mtrie\OneDrive\Documents\IT\python\CNN train\IMG\right_2024_02_17_22_36_45_535.jpg,0,1,0,30.19025
D:\mtrie\OneDrive\Documents\IT\python\CNN train\IMG\center_2024_02_17_22_36_45_612.jpg,D:\mtrie\OneDrive\Documents\IT\python\CNN train\IMG\left_2024_02_17_22_36_45_612.jpg,D:\mtrie\OneDrive\Documents\IT\python\CNN train\IMG\right_2024_02_17_22_36_45_612.jpg,-0.1,1,0,30.18684
D:\mtrie\OneDrive\Documents\IT\python\CNN train\IMG\center_2024_02_17_22_36_45_685.jpg,D:\mtrie\OneDrive\Documents\IT\python\CNN train\IMG\left_2024_02_17_22_36_45_685.jpg,D:\mtrie\OneDrive\Documents\IT\python\CNN train\IMG\right_2024_02_17_22_36_45_685.jpg,0,1,0,30.1853
D:\mtrie\OneDrive\Documents\IT\python\CNN train\IMG\center_2024_02_17_22_36_45_759.jpg,D:\mtrie\OneDrive\Documents\IT\python\CNN train\IMG\left_2024_02_17_22_36_45_759.jpg,D:\mtrie\OneDrive\Documents\IT\python\CNN train\IMG\right_2024_02_17_22_36_45_759.jpg,0,1,0,30.19011
D:\mtrie\OneDrive\Documents\IT\python\CNN train\IMG\center_2024_02_17_22_36_45_828.jpg,D:\mtrie\OneDrive\Documents\IT\python\CNN train\IMG\left_2024_02_17_22_36_45_828.jpg,D:\mtrie\OneDrive\Documents\IT\python\CNN train\IMG\right_2024_02_17_22_36_45_828.jpg,0,0.8506261,0,30.16404
D:\mtrie\OneDrive\Documents\IT\python\CNN train\IMG\center_2024_02_17_22_36_45_899.jpg,D:\mtrie\OneDrive\Documents\IT\python\CNN train\IMG\left_2024_02_17_22_36_45_899.jpg,D:\mtrie\OneDrive\Documents\IT\python\CNN train\IMG\right_2024_02_17_22_36_45_899.jpg,0,0.6734647,0,30.11889
D:\mtrie\OneDrive\Documents\IT\python\CNN train\IMG\center_2024_02_17_22_36_45_966.jpg,D:\mtrie\OneDrive\Documents\IT\python\CNN train\IMG\left_2024_02_17_22_36_45_966.jpg,D:\mtrie\OneDrive\Documents\IT\python\CNN train\IMG\right_2024_02_17_22_36_45_966.jpg,0,0.4375916,0,30.05821
D:\mtrie\OneDrive\Documents\IT\python\CNN train\IMG\center_2024_02_17_22_36_46_035.jpg,D:\mtrie\OneDrive\Documents\IT\python\CNN train\IMG\left_2024_02_17_22_36_46_035.jpg,D:\mtrie\OneDrive\Documents\IT\python\CNN train\IMG\right_2024_02_17_22_36_46_035.jpg,0,0.2576834,0,30.01387
D:\mtrie\OneDrive\Documents\IT\python\CNN train\IMG\center_2024_02_17_22_36_46_146.jpg,D:\mtrie\OneDrive\Documents\IT\python\CNN train\IMG\left_2024_02_17_22_36_46_146.jpg,D:\mtrie\OneDrive\Documents\IT\python\CNN train\IMG\right_2024_02_17_22_36_46_146.jpg,0,0,0,28.98864
