price,area,bedrooms,bathrooms,washing machine,mainroad,guestroom,basement,hotwaterheating,airconditioning,parking,prefarea,furnishingstatus,,,bathrooms,,,,washingmachine
"VND 13,300,000",74.2,2,2,3,yes,no,no,no,yes,2,yes,furnished,,,1,,"VND 6,650,000",,1
"VND 12,250,000",89.6,2,4,4,yes,no,no,no,yes,3,no,furnished,,,1,,"VND 6,125,000",,1
"VND 12,250,000",99.6,1,2,2,yes,no,yes,no,no,2,yes,semi-furnished,,,1,,"VND 6,125,000",,1
"VND 12,215,000",75,2,2,2,yes,no,yes,no,yes,3,yes,furnished,,,1,,"VND 6,107,500",,1
"VND 11,410,000",74.2,2,1,2,yes,yes,yes,no,yes,2,no,furnished,,,1,,"VND 5,705,000",,1
"VND 10,850,000",75,1,3,1,yes,no,yes,no,yes,2,yes,semi-furnished,,,1,,"VND 5,425,000",,1
"VND 10,150,000",85.8,2,3,4,yes,no,no,no,yes,2,yes,semi-furnished,,,1,,"VND 5,075,000",,1
"VND 10,150,000",162,2,3,2,yes,no,no,no,no,0,no,unfurnished,,,1,,"VND 5,075,000",,1
"VND 9,870,000",81,2,1,2,yes,yes,yes,no,yes,2,yes,furnished,,,1,,"VND 4,935,000",,1
"VND 9,800,000",57.5,1,2,4,yes,yes,no,no,yes,1,yes,unfurnished,,,1,,"VND 4,900,000",,1
"VND 9,800,000",132,1,1,2,yes,no,yes,no,yes,2,yes,furnished,,,1,,"VND 4,900,000",,1
"VND 9,681,000",60,2,3,2,yes,yes,yes,yes,no,2,no,semi-furnished,,,1,,"VND 4,840,500",,1
"VND 9,310,000",65.5,2,2,2,yes,no,no,no,yes,1,yes,semi-furnished,,,1,,"VND 4,655,000",,1
"VND 9,240,000",35,2,2,2,yes,no,no,yes,no,2,no,furnished,,,1,,"VND 4,620,000",,1
"VND 9,240,000",78,1,2,2,yes,no,no,no,no,0,yes,semi-furnished,,,1,,"VND 4,620,000",,1
"VND 9,100,000",60,2,1,2,yes,no,yes,no,no,2,no,semi-furnished,,,1,,"VND 4,550,000",,1
"VND 9,100,000",66,2,2,2,yes,yes,yes,no,yes,1,yes,unfurnished,,,1,,"VND 4,550,000",,1
"VND 8,960,000",85,1,2,4,yes,no,no,no,yes,2,no,furnished,,,1,,"VND 4,480,000",,1
"VND 8,890,000",46,1,2,2,yes,yes,no,no,yes,2,no,furnished,,,1,,"VND 4,445,000",,1
"VND 8,855,000",64.2,1,2,2,yes,no,no,no,yes,1,yes,semi-furnished,,,1,,"VND 4,427,500",,1
"VND 8,750,000",43.2,1,1,2,yes,no,yes,yes,no,2,no,semi-furnished,,,1,,"VND 4,375,000",,1
"VND 8,680,000",71.55,1,2,1,yes,yes,yes,no,yes,2,no,unfurnished,,,1,,"VND 4,340,000",,1
"VND 8,645,000",80.5,1,1,1,yes,yes,yes,no,yes,1,no,furnished,,,1,,"VND 4,322,500",,1
"VND 8,645,000",45.6,1,2,2,yes,yes,yes,no,yes,1,no,furnished,,,1,,"VND 4,322,500",,1
"VND 8,575,000",88,1,2,2,yes,no,no,no,yes,2,no,furnished,,,1,,"VND 4,287,500",,1
"VND 8,540,000",65.4,2,2,2,yes,yes,yes,no,yes,2,yes,furnished,,,1,,"VND 4,270,000",,1
"VND 8,463,000",60,1,2,4,yes,yes,yes,no,yes,0,yes,semi-furnished,,,1,,"VND 4,231,500",,1
"VND 8,400,000",88.75,1,1,1,yes,no,no,no,no,1,no,semi-furnished,,,1,,"VND 4,200,000",,1
"VND 8,400,000",79.5,2,2,2,yes,no,yes,yes,no,2,no,unfurnished,,,1,,"VND 4,200,000",,1
"VND 8,400,000",55,2,2,2,yes,no,yes,no,yes,1,yes,semi-furnished,,,1,,"VND 4,200,000",,1
"VND 8,400,000",74.75,1,2,4,yes,no,no,no,yes,2,no,unfurnished,,,1,,"VND 4,200,000",,1
"VND 8,400,000",70,1,1,4,yes,no,no,no,yes,2,no,semi-furnished,,,1,,"VND 4,200,000",,1
"VND 8,295,000",48.8,2,2,2,yes,no,no,no,yes,1,yes,furnished,,,1,,"VND 4,147,500",,1
"VND 8,190,000",59.6,1,3,2,yes,yes,yes,no,no,1,no,unfurnished,,,1,,"VND 4,095,000",,1
"VND 8,120,000",68.4,2,1,2,yes,yes,yes,no,yes,1,no,furnished,,,1,,"VND 4,060,000",,1
"VND 8,080,940",70,1,2,4,yes,no,no,no,yes,2,no,furnished,,,1,,"VND 4,040,470",,1
"VND 8,043,000",74.82,1,2,3,yes,no,no,yes,no,1,yes,furnished,,,1,,"VND 4,021,500",,1
"VND 7,980,000",90,2,2,4,yes,no,no,no,yes,2,no,furnished,,,1,,"VND 3,990,000",,1
"VND 7,962,500",60,1,1,4,yes,yes,no,no,yes,2,no,unfurnished,,,1,,"VND 3,981,250",,1
"VND 7,910,000",60,2,2,4,yes,no,no,no,yes,1,no,semi-furnished,,,1,,"VND 3,955,000",,1
"VND 7,875,000",65.5,1,1,2,yes,no,yes,no,yes,0,yes,furnished,,,1,,"VND 3,937,500",,1
"VND 7,840,000",63.6,1,2,4,yes,no,no,no,yes,0,yes,furnished,,,1,,"VND 3,920,000",,1
"VND 7,700,000",64.8,1,2,4,yes,no,no,no,yes,2,no,unfurnished,,,1,,"VND 3,850,000",,1
"VND 7,700,000",60,2,2,4,yes,no,no,no,no,2,no,semi-furnished,,,1,,"VND 3,850,000",,1
"VND 7,560,000",60,2,2,4,yes,no,no,no,yes,1,no,furnished,,,1,,"VND 3,780,000",,1
"VND 7,560,000",60,1,2,3,yes,no,no,no,yes,0,no,semi-furnished,,,1,,"VND 3,780,000",,1
"VND 7,525,000",60,1,2,4,yes,no,no,no,yes,1,no,furnished,,,1,,"VND 3,762,500",,1
"VND 7,490,000",66,1,1,4,yes,no,no,no,yes,3,yes,furnished,,,1,,"VND 3,745,000",,1
"VND 7,455,000",43,1,2,2,yes,no,yes,no,no,1,no,unfurnished,,,1,,"VND 3,727,500",,1
"VND 7,420,000",74.4,1,2,1,yes,yes,yes,no,yes,0,yes,semi-furnished,,,1,,"VND 3,710,000",,1
"VND 7,420,000",74.4,1,2,4,yes,no,no,no,no,1,yes,unfurnished,,,1,,"VND 3,710,000",,1
"VND 7,420,000",63.25,1,1,4,yes,no,no,no,yes,1,no,unfurnished,,,1,,"VND 3,710,000",,1
"VND 7,350,000",60,2,2,4,yes,yes,no,no,yes,1,no,furnished,,,1,,"VND 3,675,000",,1
"VND 7,350,000",51.5,1,2,4,yes,no,no,no,yes,2,no,semi-furnished,,,1,,"VND 3,675,000",,1
"VND 7,350,000",60,1,2,2,yes,yes,no,no,yes,1,no,semi-furnished,,,1,,"VND 3,675,000",,1
"VND 7,350,000",60,1,1,2,yes,no,no,no,yes,1,no,unfurnished,,,1,,"VND 3,675,000",,1
"VND 7,343,000",114.4,2,1,2,yes,no,yes,no,no,1,yes,semi-furnished,,,1,,"VND 3,671,500",,1
"VND 7,245,000",90,2,2,4,yes,yes,no,no,yes,1,yes,furnished,,,1,,"VND 3,622,500",,1
"VND 7,210,000",76.8,2,2,4,yes,yes,no,no,yes,1,no,semi-furnished,,,1,,"VND 3,605,000",,1
"VND 7,210,000",60,1,2,4,yes,yes,no,no,yes,1,no,furnished,,,1,,"VND 3,605,000",,1
"VND 7,140,000",60,1,2,2,yes,yes,no,no,no,1,no,semi-furnished,,,1,,"VND 3,570,000",,1
"VND 7,070,000",88.8,1,1,1,yes,no,no,no,yes,1,no,semi-furnished,,,1,,"VND 3,535,000",,1
"VND 7,070,000",62.4,2,2,2,yes,no,no,no,yes,1,no,furnished,,,1,,"VND 3,535,000",,1
"VND 7,035,000",63.6,2,2,3,yes,no,no,no,yes,2,yes,furnished,,,1,,"VND 3,517,500",,1
"VND 7,000,000",111.75,1,1,1,yes,no,yes,no,yes,1,yes,furnished,,,1,,"VND 3,500,000",,1
"VND 6,930,000",88.8,1,2,2,yes,no,yes,no,yes,1,no,furnished,,,1,,"VND 3,465,000",,1
"VND 6,930,000",132,1,1,1,yes,no,yes,yes,no,1,no,furnished,,,1,,"VND 3,465,000",,1
"VND 6,895,000",77,1,2,1,yes,no,no,no,no,2,no,unfurnished,,,1,,"VND 3,447,500",,1
"VND 6,860,000",60,1,1,1,yes,no,no,no,yes,1,no,furnished,,,1,,"VND 3,430,000",,1
"VND 6,790,000",120.9,2,2,2,yes,no,no,no,no,2,yes,furnished,,,1,,"VND 3,395,000",,1
"VND 6,790,000",40,1,2,2,yes,no,yes,no,yes,0,yes,semi-furnished,,,1,,"VND 3,395,000",,1
"VND 6,755,000",60,2,2,4,yes,no,no,no,yes,0,no,unfurnished,,,1,,"VND 3,377,500",,1
"VND 6,720,000",50.2,1,1,4,yes,no,no,no,yes,0,yes,unfurnished,,,1,,"VND 3,360,000",,1
"VND 6,685,000",66,1,2,4,yes,no,yes,no,no,0,yes,furnished,,,1,,"VND 3,342,500",,1
"VND 6,650,000",40.4,1,1,2,yes,no,yes,yes,no,1,no,furnished,,,1,,"VND 3,325,000",,1
"VND 6,650,000",42.6,2,2,2,yes,no,no,yes,no,0,no,semi-furnished,,,1,,"VND 3,325,000",,1
"VND 6,650,000",64.2,1,2,3,yes,no,no,no,yes,0,yes,furnished,,,1,,"VND 3,325,000",,1
"VND 6,650,000",65,1,2,3,yes,no,no,no,yes,0,yes,furnished,,,1,,"VND 3,325,000",,1
"VND 6,650,000",57,1,1,1,yes,yes,yes,no,yes,2,yes,furnished,,,1,,"VND 3,325,000",,1
"VND 6,650,000",60,1,2,3,yes,yes,no,no,yes,0,no,furnished,,,1,,"VND 3,325,000",,1
"VND 6,629,000",60,1,1,2,yes,no,no,yes,no,1,yes,semi-furnished,,,1,,"VND 3,314,500",,1
"VND 6,615,000",40,1,2,2,yes,no,yes,no,yes,1,no,semi-furnished,,,1,,"VND 3,307,500",,1
"VND 6,615,000",105,1,2,1,yes,no,yes,no,yes,1,yes,furnished,,,1,,"VND 3,307,500",,1
"VND 6,580,000",60,1,2,4,yes,no,no,no,yes,0,no,semi-furnished,,,1,,"VND 3,290,000",,1
"VND 6,510,000",37.6,1,1,2,yes,no,no,yes,no,2,no,semi-furnished,,,1,,"VND 3,255,000",,1
"VND 6,510,000",82.5,1,2,3,yes,no,no,no,yes,0,no,furnished,,,1,,"VND 3,255,000",,1
"VND 6,510,000",66.7,1,1,3,yes,no,yes,no,no,0,yes,unfurnished,,,1,,"VND 3,255,000",,1
"VND 6,475,000",39.6,1,1,1,yes,no,yes,no,no,2,no,semi-furnished,,,1,,"VND 3,237,500",,1
"VND 6,475,000",74.1,1,1,1,yes,yes,yes,no,yes,2,yes,unfurnished,,,1,,"VND 3,237,500",,1
"VND 6,440,000",85.8,2,3,2,yes,no,no,no,no,2,no,furnished,,,1,,"VND 3,220,000",,1
"VND 6,440,000",50,1,1,2,yes,no,no,no,yes,0,no,semi-furnished,,,1,,"VND 3,220,000",,1
"VND 6,419,000",67.5,1,1,1,yes,yes,yes,no,no,2,yes,furnished,,,1,,"VND 3,209,500",,1
"VND 6,405,000",48,1,2,4,yes,yes,no,no,yes,0,no,furnished,,,1,,"VND 3,202,500",,1
"VND 6,300,000",72,1,2,1,yes,no,yes,no,yes,3,no,semi-furnished,,,1,,"VND 3,150,000",,1
"VND 6,300,000",60,2,2,4,yes,no,no,no,no,1,no,semi-furnished,,,1,,"VND 3,150,000",,1
"VND 6,300,000",41,1,2,3,yes,no,no,no,yes,2,no,semi-furnished,,,1,,"VND 3,150,000",,1
"VND 6,300,000",90,1,1,1,yes,no,yes,no,no,1,yes,furnished,,,1,,"VND 3,150,000",,1
"VND 6,300,000",64,1,1,1,yes,yes,yes,no,yes,1,yes,semi-furnished,,,1,,"VND 3,150,000",,1
"VND 6,293,000",66,1,2,3,yes,no,no,no,yes,0,yes,unfurnished,,,1,,"VND 3,146,500",,1
"VND 6,265,000",60,2,1,3,yes,yes,yes,no,no,0,yes,unfurnished,,,1,,"VND 3,132,500",,1
"VND 6,230,000",66,1,2,1,yes,no,yes,no,yes,0,yes,unfurnished,,,1,,"VND 3,115,000",,1
"VND 6,230,000",55,1,1,3,yes,no,no,no,no,1,yes,unfurnished,,,1,,"VND 3,115,000",,1
"VND 6,195,000",55,1,2,4,yes,yes,no,no,yes,1,no,semi-furnished,,,1,,"VND 3,097,500",,1
"VND 6,195,000",63.5,1,2,3,yes,yes,no,no,yes,0,no,furnished,,,1,,"VND 3,097,500",,1
"VND 6,195,000",55,1,2,1,yes,yes,yes,no,no,2,yes,furnished,,,1,,"VND 3,097,500",,1
"VND 6,160,000",45,1,1,4,yes,no,no,no,yes,0,no,unfurnished,,,1,,"VND 3,080,000",,1
"VND 6,160,000",54.5,2,2,1,yes,no,yes,no,yes,0,yes,semi-furnished,,,1,,"VND 3,080,000",,1
"VND 6,125,000",64.2,1,1,3,yes,no,yes,no,no,0,yes,unfurnished,,,1,,"VND 3,062,500",,1
"VND 6,107,500",32.4,2,1,3,yes,no,no,no,no,1,no,semi-furnished,,,1,,"VND 3,053,750",,1
"VND 6,090,000",66.15,2,2,2,yes,yes,no,yes,no,1,no,semi-furnished,,,1,,"VND 3,045,000",,1
"VND 6,090,000",66,1,1,1,yes,yes,yes,no,no,2,yes,semi-furnished,,,1,,"VND 3,045,000",,1
"VND 6,090,000",83.72,1,1,3,yes,no,no,no,yes,2,no,unfurnished,,,1,,"VND 3,045,000",,1
"VND 6,083,000",43,3,2,2,yes,no,no,no,no,0,no,furnished,,,1,,"VND 3,041,500",,1
"VND 6,083,000",96.2,1,1,1,yes,no,yes,no,no,2,yes,furnished,,,1,,"VND 3,041,500",,1
"VND 6,020,000",68,1,1,1,yes,yes,yes,no,no,2,no,furnished,,,1,,"VND 3,010,000",,1
"VND 6,020,000",80,1,1,1,yes,yes,yes,no,yes,2,yes,semi-furnished,,,1,,"VND 3,010,000",,1
"VND 6,020,000",69,1,2,1,yes,yes,yes,no,no,0,yes,unfurnished,,,1,,"VND 3,010,000",,1
"VND 5,950,000",37,2,1,2,yes,yes,no,no,yes,0,no,furnished,,,1,,"VND 2,975,000",,1
"VND 5,950,000",64.2,1,1,1,yes,no,yes,no,yes,0,yes,furnished,,,1,,"VND 2,975,000",,1
"VND 5,950,000",70.2,1,1,1,yes,no,yes,no,yes,2,yes,semi-furnished,,,1,,"VND 2,975,000",,1
"VND 5,950,000",65.4,1,1,1,yes,yes,yes,no,no,2,yes,furnished,,,1,,"VND 2,975,000",,1
"VND 5,950,000",72.31,1,1,2,yes,yes,yes,no,yes,0,yes,semi-furnished,,,1,,"VND 2,975,000",,1
"VND 5,950,000",62.54,2,2,1,yes,no,yes,no,no,1,yes,semi-furnished,,,1,,"VND 2,975,000",,1
"VND 5,950,000",73.2,2,2,2,yes,no,no,no,no,0,no,furnished,,,1,,"VND 2,975,000",,1
"VND 5,950,000",65.25,1,2,4,yes,no,no,no,no,1,no,furnished,,,1,,"VND 2,975,000",,1
"VND 5,943,000",156,1,1,1,yes,no,no,no,yes,2,no,semi-furnished,,,1,,"VND 2,971,500",,1
"VND 5,880,000",71.6,1,1,1,yes,no,yes,no,no,2,yes,unfurnished,,,1,,"VND 2,940,000",,1
"VND 5,880,000",65,1,2,3,yes,no,no,no,yes,0,no,unfurnished,,,1,,"VND 2,940,000",,1
"VND 5,873,000",55,1,1,3,yes,yes,no,no,yes,1,no,furnished,,,1,,"VND 2,936,500",,1
"VND 5,873,000",114.6,1,1,3,yes,no,no,no,no,2,yes,semi-furnished,,,1,,"VND 2,936,500",,1
"VND 5,866,000",48,1,1,1,yes,yes,yes,no,no,0,no,unfurnished,,,1,,"VND 2,933,000",,1
"VND 5,810,000",58.28,2,1,4,yes,yes,no,no,no,0,no,semi-furnished,,,1,,"VND 2,905,000",,1
"VND 5,810,000",52,1,1,3,yes,no,no,no,yes,0,no,semi-furnished,,,1,,"VND 2,905,000",,1
"VND 5,810,000",48,1,1,3,yes,no,no,no,yes,0,no,unfurnished,,,1,,"VND 2,905,000",,1
"VND 5,803,000",70,1,1,1,yes,no,yes,no,no,2,yes,semi-furnished,,,1,,"VND 2,901,500",,1
"VND 5,775,000",60,1,2,4,yes,no,no,no,yes,0,no,unfurnished,,,1,,"VND 2,887,500",,1
"VND 5,740,000",54,2,2,2,yes,no,no,no,yes,2,no,unfurnished,,,1,,"VND 2,870,000",,1
"VND 5,740,000",46.4,2,1,2,yes,no,no,no,no,1,no,semi-furnished,,,1,,"VND 2,870,000",,1
"VND 5,740,000",50,1,1,3,yes,no,no,no,yes,0,no,semi-furnished,,,1,,"VND 2,870,000",,1
"VND 5,740,000",63.6,1,1,1,yes,yes,yes,no,yes,2,yes,furnished,,,1,,"VND 2,870,000",,1
"VND 5,740,000",58,1,2,4,yes,no,no,no,yes,0,no,unfurnished,,,1,,"VND 2,870,000",,1
"VND 5,652,500",66.6,2,2,2,yes,yes,yes,no,no,1,yes,semi-furnished,,,1,,"VND 2,826,250",,1
"VND 5,600,000",105,2,2,2,yes,no,no,no,no,1,no,semi-furnished,,,1,,"VND 2,800,000",,1
"VND 5,600,000",48,2,2,3,no,no,yes,yes,no,0,no,unfurnished,,,1,,"VND 2,800,000",,1
"VND 5,600,000",47,2,1,2,yes,yes,yes,no,yes,1,no,furnished,,,1,,"VND 2,800,000",,1
"VND 5,600,000",50,1,1,4,yes,no,no,no,no,0,no,furnished,,,1,,"VND 2,800,000",,1
"VND 5,600,000",105,1,1,1,yes,no,no,no,no,1,no,semi-furnished,,,1,,"VND 2,800,000",,1
"VND 5,600,000",55,1,2,2,yes,no,no,no,no,1,no,semi-furnished,,,1,,"VND 2,800,000",,1
"VND 5,600,000",63.6,1,1,3,yes,no,no,no,no,0,yes,semi-furnished,,,1,,"VND 2,800,000",,1
"VND 5,600,000",66,2,2,1,yes,no,yes,no,no,0,yes,semi-furnished,,,1,,"VND 2,800,000",,1
"VND 5,600,000",51.36,1,1,2,yes,yes,yes,no,yes,0,yes,unfurnished,,,1,,"VND 2,800,000",,1
"VND 5,565,000",44,2,1,2,yes,no,no,no,yes,2,yes,semi-furnished,,,1,,"VND 2,782,500",,1
"VND 5,565,000",54,2,1,2,yes,yes,yes,no,yes,0,yes,furnished,,,1,,"VND 2,782,500",,1
"VND 5,530,000",33,1,3,2,yes,no,yes,no,no,0,no,semi-furnished,,,1,,"VND 2,765,000",,1
"VND 5,530,000",36.5,1,2,2,yes,no,no,no,no,2,no,semi-furnished,,,1,,"VND 2,765,000",,1
"VND 5,530,000",61,1,2,1,yes,no,yes,no,no,2,yes,furnished,,,1,,"VND 2,765,000",,1
"VND 5,523,000",69,1,1,1,yes,yes,yes,no,no,0,yes,semi-furnished,,,1,,"VND 2,761,500",,1
"VND 5,495,000",28.17,2,2,2,no,yes,yes,no,no,1,no,furnished,,,1,,"VND 2,747,500",,1
"VND 5,495,000",79.8,1,1,1,yes,no,no,no,no,2,no,semi-furnished,,,1,,"VND 2,747,500",,1
"VND 5,460,000",31.5,1,2,1,yes,yes,yes,no,yes,0,no,furnished,,,1,,"VND 2,730,000",,1
"VND 5,460,000",62.1,2,1,4,yes,yes,no,no,yes,0,no,furnished,,,1,,"VND 2,730,000",,1
"VND 5,460,000",61,1,1,3,yes,yes,no,no,yes,0,yes,semi-furnished,,,1,,"VND 2,730,000",,1
"VND 5,460,000",66,2,2,2,yes,yes,yes,no,no,0,yes,semi-furnished,,,1,,"VND 2,730,000",,1
"VND 5,425,000",68.25,1,1,1,yes,yes,yes,no,yes,0,yes,semi-furnished,,,1,,"VND 2,712,500",,1
"VND 5,390,000",67.1,1,2,2,yes,yes,yes,no,no,1,yes,furnished,,,1,,"VND 2,695,000",,1
"VND 5,383,000",64.5,1,2,1,yes,yes,yes,yes,no,0,no,unfurnished,,,1,,"VND 2,691,500",,1
"VND 5,320,000",78,1,1,1,yes,no,yes,no,yes,2,yes,unfurnished,,,1,,"VND 2,660,000",,1
"VND 5,285,000",46,1,2,1,yes,no,no,no,yes,2,no,semi-furnished,,,1,,"VND 2,642,500",,1
"VND 5,250,000",42.6,2,1,2,yes,no,yes,no,yes,0,no,furnished,,,1,,"VND 2,625,000",,1
"VND 5,250,000",65.4,2,2,2,no,no,no,no,yes,0,no,semi-furnished,,,1,,"VND 2,625,000",,1
"VND 5,250,000",55,1,2,1,yes,no,yes,no,no,0,no,semi-furnished,,,1,,"VND 2,625,000",,1
"VND 5,250,000",102.69,1,1,1,yes,no,no,no,no,1,yes,semi-furnished,,,1,,"VND 2,625,000",,1
"VND 5,250,000",84,1,1,2,yes,yes,yes,no,yes,2,yes,unfurnished,,,1,,"VND 2,625,000",,1
"VND 5,250,000",53,2,2,1,yes,no,no,no,yes,0,yes,unfurnished,,,1,,"VND 2,625,000",,1
"VND 5,250,000",38,1,1,2,yes,yes,yes,no,no,1,yes,unfurnished,,,1,,"VND 2,625,000",,1
"VND 5,250,000",98,2,2,2,yes,yes,no,no,no,2,no,semi-furnished,,,1,,"VND 2,625,000",,1
"VND 5,250,000",85.2,1,1,1,yes,no,no,no,yes,2,no,furnished,,,1,,"VND 2,625,000",,1
"VND 5,243,000",60.5,1,1,1,yes,no,yes,no,no,0,yes,semi-furnished,,,1,,"VND 2,621,500",,1
"VND 5,229,000",70.85,1,1,1,yes,yes,yes,no,no,2,yes,semi-furnished,,,1,,"VND 2,614,500",,1
"VND 5,215,000",31.8,1,2,2,yes,no,no,no,no,2,no,semi-furnished,,,1,,"VND 2,607,500",,1
"VND 5,215,000",45,2,2,1,no,no,yes,no,yes,2,no,semi-furnished,,,1,,"VND 2,607,500",,1
"VND 5,215,000",72,1,1,2,yes,yes,yes,no,no,1,yes,furnished,,,1,,"VND 2,607,500",,1
"VND 5,145,000",34.1,1,1,2,no,no,no,no,yes,0,no,semi-furnished,,,1,,"VND 2,572,500",,1
"VND 5,145,000",79.8,1,1,1,yes,no,no,no,no,1,yes,semi-furnished,,,1,,"VND 2,572,500",,1
"VND 5,110,000",30,1,2,2,yes,yes,yes,no,no,0,no,furnished,,,1,,"VND 2,555,000",,1
"VND 5,110,000",30,1,1,2,yes,no,yes,no,no,0,no,unfurnished,,,1,,"VND 2,555,000",,1
"VND 5,110,000",114.1,1,1,2,yes,no,no,no,no,0,yes,furnished,,,1,,"VND 2,555,000",,1
"VND 5,110,000",61,1,1,1,yes,no,yes,no,yes,0,yes,semi-furnished,,,1,,"VND 2,555,000",,1
"VND 5,075,000",57.2,1,1,2,yes,no,no,no,yes,0,yes,unfurnished,,,1,,"VND 2,537,500",,1
"VND 5,040,000",35.4,1,1,1,no,yes,yes,no,no,0,no,semi-furnished,,,1,,"VND 2,520,000",,1
"VND 5,040,000",76,2,1,2,yes,no,no,no,yes,2,no,furnished,,,1,,"VND 2,520,000",,1
"VND 5,040,000",107,1,1,2,yes,yes,yes,no,no,0,no,semi-furnished,,,1,,"VND 2,520,000",,1
"VND 5,040,000",66,1,1,1,yes,yes,yes,no,no,0,yes,furnished,,,1,,"VND 2,520,000",,1
"VND 5,033,000",48,1,1,1,yes,yes,yes,no,no,0,no,semi-furnished,,,1,,"VND 2,516,500",,1
"VND 5,005,000",81.5,1,2,1,yes,yes,yes,no,no,0,no,semi-furnished,,,1,,"VND 2,502,500",,1
"VND 4,970,000",44.1,2,3,2,yes,no,yes,no,no,2,no,semi-furnished,,,1,,"VND 2,485,000",,1
"VND 4,970,000",76.86,1,1,1,yes,yes,yes,yes,no,0,no,semi-furnished,,,1,,"VND 2,485,000",,1
"VND 4,956,000",28,1,2,2,no,no,yes,no,yes,1,no,semi-furnished,,,1,,"VND 2,478,000",,1
"VND 4,935,000",59.48,1,1,2,yes,no,no,no,yes,0,no,semi-furnished,,,1,,"VND 2,467,500",,1
"VND 4,907,000",42,1,1,2,yes,no,no,no,no,1,no,furnished,,,1,,"VND 2,453,500",,0
"VND 4,900,000",45.2,1,1,2,yes,no,yes,no,yes,0,no,semi-furnished,,,1,,"VND 2,450,000",,1
"VND 4,900,000",40.95,1,1,2,no,yes,yes,no,yes,0,no,semi-furnished,,,1,,"VND 2,450,000",,0
"VND 4,900,000",41.2,1,1,1,yes,no,yes,no,no,1,no,semi-furnished,,,1,,"VND 2,450,000",,0
"VND 4,900,000",54,2,1,2,yes,no,no,no,no,0,no,semi-furnished,,,1,,"VND 2,450,000",,1
"VND 4,900,000",47.7,1,1,1,yes,yes,yes,no,no,0,no,semi-furnished,,,1,,"VND 2,450,000",,1
"VND 4,900,000",63,1,1,1,yes,no,no,no,yes,2,no,semi-furnished,,,1,,"VND 2,450,000",,0
"VND 4,900,000",58,1,1,1,yes,yes,yes,no,yes,0,no,semi-furnished,,,1,,"VND 2,450,000",,1
"VND 4,900,000",30,1,1,2,yes,no,yes,no,yes,0,no,semi-furnished,,,1,,"VND 2,450,000",,0
"VND 4,900,000",29.7,1,1,3,yes,no,no,no,no,0,no,semi-furnished,,,1,,"VND 2,450,000",,0
"VND 4,900,000",67.2,1,1,1,yes,no,no,no,no,0,no,unfurnished,,,1,,"VND 2,450,000",,1
"VND 4,900,000",46.46,1,1,2,yes,yes,yes,no,no,2,no,semi-furnished,,,1,,"VND 2,450,000",,0
"VND 4,900,000",129,1,1,1,yes,no,no,no,no,2,no,furnished,,,1,,"VND 2,450,000",,0
"VND 4,893,000",34.2,2,2,2,yes,no,yes,no,yes,2,no,semi-furnished,,,1,,"VND 2,446,500",,1
"VND 4,893,000",49.95,2,2,1,yes,no,yes,no,no,0,no,semi-furnished,,,1,,"VND 2,446,500",,0
"VND 4,865,000",43.5,1,1,1,yes,no,yes,no,no,0,no,unfurnished,,,1,,"VND 2,432,500",,1
"VND 4,830,000",41.6,1,1,3,yes,no,no,no,no,0,no,unfurnished,,,1,,"VND 2,415,000",,0
"VND 4,830,000",60.4,1,1,1,yes,no,no,no,no,2,yes,semi-furnished,,,1,,"VND 2,415,000",,1
"VND 4,830,000",68.62,1,1,2,yes,no,no,no,yes,2,yes,furnished,,,0,,"VND 2,415,000",,1
"VND 4,830,000",48.15,1,1,1,yes,no,no,no,yes,0,yes,semi-furnished,,,0,,"VND 2,415,000",,1
"VND 4,795,000",70,1,1,2,yes,no,yes,no,no,0,no,unfurnished,,,0,,"VND 2,397,500",,1
"VND 4,795,000",81,2,1,4,yes,no,yes,no,yes,2,no,semi-furnished,,,0,,"VND 2,397,500",,1
"VND 4,767,000",34.2,2,2,2,yes,no,no,no,no,0,no,semi-furnished,,,1,,"VND 2,383,500",,1
"VND 4,760,000",91.66,1,1,1,yes,no,yes,no,yes,2,no,semi-furnished,,,1,,"VND 2,380,000",,0
"VND 4,760,000",63.21,1,1,2,yes,no,yes,no,yes,1,no,furnished,,,0,,"VND 2,380,000",,0
"VND 4,760,000",102.4,1,1,1,yes,no,no,no,yes,2,yes,unfurnished,,,0,,"VND 2,380,000",,0
"VND 4,753,000",64.4,1,1,1,yes,no,no,no,yes,3,no,semi-furnished,,,1,,"VND 2,376,500",,1
"VND 4,690,000",51.7,1,1,4,yes,no,no,no,yes,0,no,semi-furnished,,,0,,"VND 2,345,000",,0
"VND 4,690,000",60,1,1,1,yes,no,yes,no,yes,1,no,furnished,,,1,,"VND 2,345,000",,0
"VND 4,690,000",36.3,1,1,2,yes,no,no,no,no,2,no,semi-furnished,,,0,,"VND 2,345,000",,0
"VND 4,690,000",96.67,2,2,2,yes,yes,yes,no,no,1,no,semi-furnished,,,0,,"VND 2,345,000",,0
"VND 4,690,000",54,1,1,2,yes,no,no,no,no,0,yes,semi-furnished,,,0,,"VND 2,345,000",,0
"VND 4,690,000",43.2,1,1,1,yes,no,no,no,no,0,yes,semi-furnished,,,0,,"VND 2,345,000",,1
"VND 4,655,000",37.45,1,1,2,yes,no,yes,no,no,0,no,furnished,,,0,,"VND 2,327,500",,1
"VND 4,620,000",41.6,1,1,1,yes,yes,yes,no,yes,0,no,unfurnished,,,1,,"VND 2,310,000",,0
"VND 4,620,000",38.8,1,2,2,yes,no,yes,no,no,2,no,semi-furnished,,,1,,"VND 2,310,000",,0
"VND 4,620,000",56.8,1,1,2,yes,yes,no,no,yes,1,no,semi-furnished,,,1,,"VND 2,310,000",,1
"VND 4,620,000",28.7,1,1,2,yes,yes,yes,no,no,0,yes,semi-furnished,,,1,,"VND 2,310,000",,0
"VND 4,620,000",50.1,1,1,2,yes,no,yes,no,no,0,no,semi-furnished,,,1,,"VND 2,310,000",,0
"VND 4,613,000",45.1,2,2,2,yes,no,yes,no,no,0,no,semi-furnished,,,0,,"VND 2,306,500",,1
"VND 4,585,000",40,1,1,2,yes,no,no,no,no,1,no,furnished,,,0,,"VND 2,292,500",,0
"VND 4,585,000",38.4,1,1,2,yes,no,no,no,no,1,yes,semi-furnished,,,0,,"VND 2,292,500",,0
"VND 4,550,000",37.6,1,1,1,yes,no,no,no,no,2,no,semi-furnished,,,1,,"VND 2,275,000",,0
"VND 4,550,000",36.4,1,1,2,yes,no,no,no,yes,0,no,furnished,,,0,,"VND 2,275,000",,1
"VND 4,550,000",25.5,1,1,2,yes,no,yes,no,no,0,no,furnished,,,0,,"VND 2,275,000",,1
"VND 4,550,000",53.2,1,1,2,yes,yes,yes,no,no,0,yes,semi-furnished,,,1,,"VND 2,275,000",,1
"VND 4,550,000",53.6,1,1,2,yes,no,no,no,no,2,yes,unfurnished,,,1,,"VND 2,275,000",,0
"VND 4,550,000",35.2,1,1,1,yes,no,no,no,no,0,yes,semi-furnished,,,0,,"VND 2,275,000",,1
"VND 4,550,000",84,2,1,4,yes,no,no,no,no,3,no,unfurnished,,,0,,"VND 2,275,000",,0
"VND 4,543,000",41,1,2,1,yes,yes,yes,no,no,0,no,semi-furnished,,,0,,"VND 2,271,500",,0
"VND 4,543,000",49.9,2,2,2,yes,yes,yes,no,no,0,yes,furnished,,,0,,"VND 2,271,500",,0
"VND 4,515,000",35.1,1,1,3,yes,no,no,no,no,0,no,semi-furnished,,,1,,"VND 2,257,500",,0
"VND 4,515,000",34.5,1,1,2,yes,no,yes,no,no,1,no,semi-furnished,,,1,,"VND 2,257,500",,0
"VND 4,515,000",98.6,1,1,1,yes,no,no,no,no,0,no,semi-furnished,,,1,,"VND 2,257,500",,1
"VND 4,515,000",35.2,1,1,2,yes,no,no,no,no,0,yes,furnished,,,0,,"VND 2,257,500",,0
"VND 4,480,000",45.1,2,1,2,yes,no,no,no,yes,2,no,semi-furnished,,,0,,"VND 2,240,000",,1
"VND 4,480,000",58.85,1,1,1,yes,no,no,no,yes,1,no,unfurnished,,,0,,"VND 2,240,000",,1
"VND 4,480,000",40,1,1,2,yes,no,no,no,no,2,no,furnished,,,0,,"VND 2,240,000",,1
"VND 4,480,000",82.5,1,1,1,yes,no,no,no,no,0,no,furnished,,,1,,"VND 2,240,000",,1
"VND 4,480,000",40.4,1,1,2,yes,no,no,no,no,1,no,semi-furnished,,,0,,"VND 2,240,000",,1
"VND 4,473,000",63.6,1,1,1,yes,no,yes,no,yes,1,no,furnished,,,1,,"VND 2,236,500",,1
"VND 4,473,000",31.62,1,1,2,yes,no,no,no,yes,1,no,furnished,,,1,,"VND 2,236,500",,1
"VND 4,473,000",35.1,1,1,2,yes,no,no,no,no,0,no,semi-furnished,,,1,,"VND 2,236,500",,0
"VND 4,445,000",37.5,1,1,1,yes,yes,yes,no,no,0,no,semi-furnished,,,0,,"VND 2,222,500",,1
"VND 4,410,000",39.68,1,1,2,no,no,no,no,no,0,no,semi-furnished,,,1,,"VND 2,205,000",,0
"VND 4,410,000",49,1,1,2,yes,no,yes,no,no,0,no,semi-furnished,,,0,,"VND 2,205,000",,1
"VND 4,403,000",28.8,1,1,2,yes,no,no,no,no,0,yes,semi-furnished,,,0,,"VND 2,201,500",,1
"VND 4,403,000",48.8,1,1,1,yes,no,no,no,no,2,yes,unfurnished,,,0,,"VND 2,201,500",,0
"VND 4,403,000",49.2,1,1,2,yes,no,no,no,no,1,no,semi-furnished,,,0,,"VND 2,201,500",,1
"VND 4,382,000",49.5,2,1,2,yes,no,no,no,yes,0,no,semi-furnished,,,0,,"VND 2,191,000",,0
"VND 4,375,000",39,1,1,2,yes,no,no,no,no,0,no,unfurnished,,,0,,"VND 2,187,500",,0
"VND 4,340,000",45,1,2,3,yes,no,no,yes,no,1,no,furnished,,,1,,"VND 2,170,000",,0
"VND 4,340,000",19.05,2,1,2,no,no,yes,no,no,0,no,semi-furnished,,,0,,"VND 2,170,000",,0
"VND 4,340,000",40.75,1,1,1,yes,yes,yes,no,no,2,no,semi-furnished,,,1,,"VND 2,170,000",,0
"VND 4,340,000",35,2,1,2,yes,no,no,no,no,2,no,furnished,,,1,,"VND 2,170,000",,0
"VND 4,340,000",64.5,2,1,2,yes,no,no,no,no,0,no,semi-furnished,,,1,,"VND 2,170,000",,1
"VND 4,319,000",40.32,1,1,1,yes,no,yes,no,no,0,no,furnished,,,0,,"VND 2,159,500",,0
"VND 4,305,000",44,1,1,1,yes,no,no,no,no,1,no,semi-furnished,,,0,,"VND 2,152,500",,0
"VND 4,305,000",103.6,1,1,1,yes,no,no,no,no,1,yes,semi-furnished,,,1,,"VND 2,152,500",,0
"VND 4,277,000",34,1,1,2,yes,no,yes,no,no,2,yes,semi-furnished,,,1,,"VND 2,138,500",,1
"VND 4,270,000",63.6,1,1,1,yes,no,no,no,no,0,no,furnished,,,0,,"VND 2,135,000",,0
"VND 4,270,000",63.6,1,1,2,yes,no,no,no,no,0,no,unfurnished,,,0,,"VND 2,135,000",,1
"VND 4,270,000",45,1,1,1,yes,no,no,no,yes,2,no,furnished,,,0,,"VND 2,135,000",,0
"VND 4,270,000",21.75,1,1,2,no,yes,yes,no,yes,0,no,unfurnished,,,0,,"VND 2,135,000",,0
"VND 4,270,000",43.6,2,1,2,yes,no,no,no,no,0,no,furnished,,,0,,"VND 2,135,000",,0
"VND 4,270,000",77.7,1,1,1,yes,no,no,no,no,1,no,furnished,,,1,,"VND 2,135,000",,1
"VND 4,235,000",66.5,1,1,2,yes,yes,no,no,no,0,no,semi-furnished,,,1,,"VND 2,117,500",,0
"VND 4,235,000",27.87,1,1,1,yes,no,yes,no,no,0,yes,furnished,,,1,,"VND 2,117,500",,0
"VND 4,200,000",55,1,1,2,yes,no,no,no,yes,0,no,unfurnished,,,0,,"VND 2,100,000",,1
"VND 4,200,000",50.4,1,1,2,yes,no,yes,no,yes,0,no,unfurnished,,,0,,"VND 2,100,000",,1
"VND 4,200,000",58.5,1,1,1,yes,yes,yes,no,no,2,no,semi-furnished,,,1,,"VND 2,100,000",,0
"VND 4,200,000",26.1,2,3,2,no,no,no,no,no,0,no,semi-furnished,,,1,,"VND 2,100,000",,1
"VND 4,200,000",29.53,1,1,2,yes,no,yes,no,yes,0,no,unfurnished,,,1,,"VND 2,100,000",,0
"VND 4,200,000",27.47,2,2,2,no,no,no,no,no,0,no,semi-furnished,,,1,,"VND 2,100,000",,1
"VND 4,200,000",44.1,1,1,1,no,no,no,no,no,1,no,unfurnished,,,1,,"VND 2,100,000",,1
"VND 4,200,000",40,2,2,2,no,no,no,no,no,0,no,semi-furnished,,,1,,"VND 2,100,000",,1
"VND 4,200,000",23.25,1,1,2,no,no,no,no,no,0,no,semi-furnished,,,0,,"VND 2,100,000",,1
"VND 4,200,000",46,1,2,2,yes,no,no,no,yes,1,no,semi-furnished,,,0,,"VND 2,100,000",,1
"VND 4,200,000",36.4,1,2,2,yes,no,yes,no,no,0,no,unfurnished,,,0,,"VND 2,100,000",,1
"VND 4,200,000",58,1,1,1,yes,no,no,yes,no,2,no,semi-furnished,,,0,,"VND 2,100,000",,0
"VND 4,200,000",70,1,1,1,yes,no,no,no,no,3,no,furnished,,,1,,"VND 2,100,000",,0
"VND 4,200,000",40.79,1,1,3,yes,no,no,no,no,0,no,semi-furnished,,,1,,"VND 2,100,000",,1
"VND 4,200,000",35.2,1,1,2,yes,no,no,no,no,0,yes,semi-furnished,,,1,,"VND 2,100,000",,0
"VND 4,200,000",21.45,1,1,3,yes,no,no,no,no,1,yes,unfurnished,,,1,,"VND 2,100,000",,0
"VND 4,200,000",45,1,1,1,yes,no,yes,no,no,0,no,furnished,,,1,,"VND 2,100,000",,0
"VND 4,193,000",82.5,1,1,1,yes,no,yes,no,no,3,no,semi-furnished,,,0,,"VND 2,096,500",,1
"VND 4,193,000",34.5,1,1,2,yes,no,no,no,no,1,no,semi-furnished,,,0,,"VND 2,096,500",,0
"VND 4,165,000",48.4,1,1,2,yes,no,no,no,no,1,no,semi-furnished,,,0,,"VND 2,082,500",,1
"VND 4,165,000",40.8,1,1,2,yes,no,no,no,no,2,no,semi-furnished,,,1,,"VND 2,082,500",,1
"VND 4,165,000",40.46,1,1,2,yes,no,yes,no,no,1,no,semi-furnished,,,1,,"VND 2,082,500",,0
"VND 4,130,000",46.32,2,1,2,yes,no,no,no,yes,0,no,semi-furnished,,,1,,"VND 2,065,000",,1
"VND 4,130,000",59.85,1,1,1,yes,no,yes,no,no,0,no,semi-furnished,,,0,,"VND 2,065,000",,1
"VND 4,123,000",60.6,1,1,1,yes,no,yes,no,no,1,no,semi-furnished,,,1,,"VND 2,061,500",,1
"VND 4,098,500",36,1,1,1,yes,no,yes,no,yes,0,yes,furnished,,,1,,"VND 2,049,250",,0
"VND 4,095,000",36.8,1,2,2,yes,no,no,no,no,0,no,semi-furnished,,,0,,"VND 2,047,500",,1
"VND 4,095,000",40.4,1,1,2,yes,no,no,no,no,1,no,semi-furnished,,,0,,"VND 2,047,500",,0
"VND 4,095,000",56,1,1,1,yes,no,no,no,yes,0,no,semi-furnished,,,0,,"VND 2,047,500",,1
"VND 4,060,000",59,2,2,2,no,no,yes,no,no,1,no,unfurnished,,,1,,"VND 2,030,000",,0
"VND 4,060,000",49.92,1,2,2,yes,no,no,no,no,2,no,unfurnished,,,1,,"VND 2,030,000",,0
"VND 4,060,000",43.4,1,1,1,yes,no,no,no,no,0,no,semi-furnished,,,1,,"VND 2,030,000",,0
"VND 4,060,000",30,2,1,3,yes,no,yes,no,yes,2,no,semi-furnished,,,1,,"VND 2,030,000",,0
"VND 4,060,000",43.2,1,1,2,yes,no,no,no,no,2,yes,furnished,,,0,,"VND 2,030,000",,1
"VND 4,025,000",36.3,1,2,2,yes,no,no,yes,no,2,no,semi-furnished,,,1,,"VND 2,012,500",,0
"VND 4,025,000",34.6,1,2,1,yes,no,yes,no,yes,1,no,furnished,,,0,,"VND 2,012,500",,1
"VND 4,025,000",54,1,1,1,yes,no,no,no,no,3,no,semi-furnished,,,1,,"VND 2,012,500",,0
"VND 4,007,500",45,1,1,2,no,no,yes,no,yes,0,no,semi-furnished,,,0,,"VND 2,003,750",,0
"VND 4,007,500",34.6,2,1,2,yes,no,no,no,yes,0,no,semi-furnished,,,1,,"VND 2,003,750",,1
"VND 3,990,000",41,2,1,1,no,no,yes,no,no,0,no,unfurnished,,,0,,"VND 1,995,000",,0
"VND 3,990,000",64.8,1,1,2,no,no,no,no,yes,1,no,semi-furnished,,,1,,"VND 1,995,000",,0
"VND 3,990,000",45,1,2,2,no,no,yes,no,yes,0,no,semi-furnished,,,1,,"VND 1,995,000",,1
"VND 3,990,000",39.6,1,1,2,yes,no,no,no,no,0,no,furnished,,,0,,"VND 1,995,000",,1
"VND 3,990,000",40.5,1,1,2,yes,yes,yes,no,no,0,yes,unfurnished,,,0,,"VND 1,995,000",,1
"VND 3,920,000",72.6,1,2,1,yes,yes,yes,no,no,3,no,furnished,,,1,,"VND 1,960,000",,0
"VND 3,920,000",55,2,1,2,yes,yes,yes,no,no,0,no,semi-furnished,,,1,,"VND 1,960,000",,1
"VND 3,920,000",30,1,1,2,yes,no,no,no,no,0,no,semi-furnished,,,1,,"VND 1,960,000",,0
"VND 3,920,000",32.9,1,1,1,yes,no,no,yes,no,1,no,furnished,,,0,,"VND 1,960,000",,0
"VND 3,920,000",38.16,1,1,1,yes,no,yes,no,yes,2,no,furnished,,,1,,"VND 1,960,000",,0
"VND 3,920,000",80.8,1,1,1,yes,no,no,no,yes,2,no,semi-furnished,,,1,,"VND 1,960,000",,0
"VND 3,920,000",21.45,2,2,1,yes,no,yes,no,no,0,yes,unfurnished,,,0,,"VND 1,960,000",,1
"VND 3,885,000",37.8,1,1,2,yes,yes,yes,no,no,0,no,semi-furnished,,,1,,"VND 1,942,500",,0
"VND 3,885,000",31.8,2,2,2,yes,no,no,no,no,0,no,furnished,,,0,,"VND 1,942,500",,1
"VND 3,850,000",53,2,2,2,yes,no,no,no,no,0,no,semi-furnished,,,1,,"VND 1,925,000",,1
"VND 3,850,000",31.8,1,2,1,yes,no,yes,no,no,2,no,semi-furnished,,,0,,"VND 1,925,000",,0
"VND 3,850,000",71.52,1,1,2,yes,no,no,no,yes,0,no,furnished,,,1,,"VND 1,925,000",,1
"VND 3,850,000",40.8,1,1,1,yes,no,no,no,no,0,no,semi-furnished,,,0,,"VND 1,925,000",,1
"VND 3,850,000",38.5,1,1,1,yes,no,no,no,no,0,no,semi-furnished,,,0,,"VND 1,925,000",,1
"VND 3,850,000",20.15,1,1,2,yes,no,yes,no,no,0,yes,semi-furnished,,,0,,"VND 1,925,000",,0
"VND 3,850,000",21.76,1,1,2,yes,yes,no,no,no,0,yes,semi-furnished,,,0,,"VND 1,925,000",,1
"VND 3,836,000",33.5,1,1,2,yes,no,no,no,no,0,no,unfurnished,,,1,,"VND 1,918,000",,0
"VND 3,815,000",31.5,1,2,1,no,no,yes,no,no,0,no,semi-furnished,,,0,,"VND 1,907,500",,1
"VND 3,780,000",48.2,1,1,2,yes,no,no,no,no,0,no,semi-furnished,,,1,,"VND 1,890,000",,1
"VND 3,780,000",34.2,1,1,2,yes,no,no,yes,no,1,no,semi-furnished,,,0,,"VND 1,890,000",,0
"VND 3,780,000",36,1,1,1,yes,no,no,no,no,0,no,semi-furnished,,,1,,"VND 1,890,000",,0
"VND 3,780,000",58.3,1,1,1,yes,no,no,no,no,2,no,unfurnished,,,0,,"VND 1,890,000",,0
"VND 3,780,000",28.56,1,1,3,yes,no,no,no,no,0,yes,furnished,,,1,,"VND 1,890,000",,0
"VND 3,780,000",84,1,1,1,yes,no,no,no,no,1,no,furnished,,,0,,"VND 1,890,000",,1
"VND 3,773,000",82.5,1,1,1,yes,no,no,no,no,2,no,furnished,,,0,,"VND 1,886,500",,1
"VND 3,773,000",25.2,2,2,1,no,no,yes,no,yes,1,no,furnished,,,0,,"VND 1,886,500",,0
"VND 3,773,000",69.3,2,1,2,no,no,no,no,no,1,no,furnished,,,0,,"VND 1,886,500",,1
"VND 3,745,000",34.8,1,1,1,yes,no,no,no,no,0,yes,semi-furnished,,,1,,"VND 1,872,500",,1
"VND 3,710,000",36,1,1,1,yes,no,no,no,no,1,no,unfurnished,,,0,,"VND 1,855,000",,0
"VND 3,710,000",40.4,1,1,1,yes,no,no,no,no,0,no,semi-furnished,,,0,,"VND 1,855,000",,0
"VND 3,710,000",60.2,1,1,1,yes,no,no,no,no,0,no,semi-furnished,,,1,,"VND 1,855,000",,0
"VND 3,710,000",40.5,1,1,1,yes,no,no,no,no,0,no,furnished,,,1,,"VND 1,855,000",,1
"VND 3,710,000",35.84,1,1,1,yes,no,no,yes,no,0,no,semi-furnished,,,1,,"VND 1,855,000",,0
"VND 3,703,000",31.2,1,1,2,no,no,yes,yes,no,0,no,semi-furnished,,,0,,"VND 1,851,500",,1
"VND 3,703,000",54.5,1,1,1,yes,no,no,no,no,0,no,furnished,,,0,,"VND 1,851,500",,1
"VND 3,675,000",36.3,1,1,1,yes,no,yes,no,no,0,no,furnished,,,1,,"VND 1,837,500",,0
"VND 3,675,000",36.3,1,1,1,yes,no,no,no,yes,0,no,unfurnished,,,1,,"VND 1,837,500",,0
"VND 3,675,000",56.4,1,1,1,no,no,no,no,no,0,no,semi-furnished,,,1,,"VND 1,837,500",,0
"VND 3,675,000",36,1,1,1,yes,no,no,no,no,0,no,furnished,,,1,,"VND 1,837,500",,1
"VND 3,640,000",42.8,1,1,1,yes,no,no,no,yes,2,no,semi-furnished,,,1,,"VND 1,820,000",,1
"VND 3,640,000",35.7,1,1,2,yes,no,yes,no,no,0,no,semi-furnished,,,1,,"VND 1,820,000",,1
"VND 3,640,000",31.8,1,1,2,no,no,yes,no,no,0,no,semi-furnished,,,1,,"VND 1,820,000",,1
"VND 3,640,000",30,1,1,2,yes,no,no,no,yes,0,no,furnished,,,1,,"VND 1,820,000",,1
"VND 3,640,000",35.2,1,2,1,yes,no,yes,no,no,0,no,semi-furnished,,,0,,"VND 1,820,000",,0
"VND 3,640,000",59.6,1,1,2,yes,yes,yes,no,no,0,no,unfurnished,,,0,,"VND 1,820,000",,0
"VND 3,640,000",41.3,1,2,2,yes,no,no,no,no,2,no,semi-furnished,,,1,,"VND 1,820,000",,0
"VND 3,640,000",28.5,1,2,2,no,no,yes,no,no,0,yes,unfurnished,,,0,,"VND 1,820,000",,0
"VND 3,640,000",22.75,1,1,3,yes,no,no,yes,yes,0,yes,semi-furnished,,,1,,"VND 1,820,000",,1
"VND 3,633,000",35.2,1,1,1,yes,no,no,no,no,2,yes,unfurnished,,,1,,"VND 1,816,500",,1
"VND 3,605,000",45,1,1,1,yes,no,no,no,no,0,no,semi-furnished,,,1,,"VND 1,802,500",,1
"VND 3,605,000",40,1,1,1,yes,no,no,no,no,0,yes,semi-furnished,,,0,,"VND 1,802,500",,1
"VND 3,570,000",31.5,1,1,2,yes,no,yes,no,no,0,no,furnished,,,0,,"VND 1,785,000",,1
"VND 3,570,000",45,2,2,2,yes,no,yes,no,no,2,no,furnished,,,0,,"VND 1,785,000",,1
"VND 3,570,000",45,1,1,1,no,no,no,no,no,0,no,furnished,,,0,,"VND 1,785,000",,0
"VND 3,570,000",36.4,1,1,1,yes,no,no,no,no,0,no,unfurnished,,,0,,"VND 1,785,000",,0
"VND 3,535,000",38.5,1,1,1,yes,no,no,no,no,2,no,unfurnished,,,0,,"VND 1,767,500",,0
"VND 3,500,000",42.4,1,1,2,yes,no,no,no,yes,0,no,semi-furnished,,,1,,"VND 1,750,000",,0
"VND 3,500,000",36.5,1,1,2,yes,no,no,no,no,0,no,unfurnished,,,1,,"VND 1,750,000",,0
"VND 3,500,000",46,2,1,2,yes,no,no,no,no,0,no,semi-furnished,,,1,,"VND 1,750,000",,0
"VND 3,500,000",21.35,1,2,2,no,no,no,no,no,0,no,unfurnished,,,0,,"VND 1,750,000",,1
"VND 3,500,000",30.36,1,1,2,yes,no,yes,no,no,0,no,semi-furnished,,,0,,"VND 1,750,000",,1
"VND 3,500,000",39.9,1,1,2,yes,no,no,no,no,0,no,semi-furnished,,,0,,"VND 1,750,000",,1
"VND 3,500,000",74.24,1,1,1,no,no,no,no,no,0,no,unfurnished,,,1,,"VND 1,750,000",,0
"VND 3,500,000",34.8,1,1,1,no,no,no,no,yes,0,no,unfurnished,,,1,,"VND 1,750,000",,1
"VND 3,500,000",36,3,1,2,yes,no,no,no,no,1,no,unfurnished,,,1,,"VND 1,750,000",,1
"VND 3,500,000",36.4,1,1,1,yes,no,no,no,no,1,no,semi-furnished,,,1,,"VND 1,750,000",,0
"VND 3,500,000",59,1,1,1,yes,no,no,no,no,1,no,furnished,,,1,,"VND 1,750,000",,1
"VND 3,500,000",31.2,1,1,2,yes,no,no,no,no,1,no,unfurnished,,,1,,"VND 1,750,000",,0
"VND 3,500,000",73.5,1,1,1,yes,no,no,no,no,1,no,semi-furnished,,,1,,"VND 1,750,000",,0
"VND 3,500,000",35.12,1,1,1,yes,no,no,no,no,1,yes,unfurnished,,,1,,"VND 1,750,000",,1
"VND 3,500,000",95,1,1,2,yes,no,no,no,no,3,yes,unfurnished,,,1,,"VND 1,750,000",,1
"VND 3,500,000",58.8,1,1,1,yes,no,no,no,no,0,no,unfurnished,,,1,,"VND 1,750,000",,0
"VND 3,500,000",129.44,1,1,1,yes,no,no,no,no,0,no,unfurnished,,,0,,"VND 1,750,000",,0
"VND 3,493,000",49,1,1,2,no,no,no,no,no,0,no,unfurnished,,,0,,"VND 1,746,500",,1
"VND 3,465,000",30.6,1,1,1,yes,no,no,no,no,0,no,unfurnished,,,1,,"VND 1,732,500",,1
"VND 3,465,000",53.2,1,1,1,yes,no,no,no,no,1,yes,unfurnished,,,1,,"VND 1,732,500",,1
"VND 3,465,000",21.45,1,1,3,yes,no,no,no,no,0,yes,furnished,,,0,,"VND 1,732,500",,1
"VND 3,430,000",40,1,1,1,yes,no,no,no,no,0,no,unfurnished,,,1,,"VND 1,715,000",,1
"VND 3,430,000",31.85,1,1,1,yes,no,no,no,no,2,no,unfurnished,,,0,,"VND 1,715,000",,1
"VND 3,430,000",38.5,1,1,1,yes,no,no,no,no,0,no,unfurnished,,,0,,"VND 1,715,000",,1
"VND 3,430,000",21.45,1,1,3,yes,no,no,no,no,0,yes,furnished,,,0,,"VND 1,715,000",,0
"VND 3,430,000",26.1,1,1,2,yes,no,yes,no,no,0,yes,unfurnished,,,0,,"VND 1,715,000",,0
"VND 3,430,000",19.5,1,2,2,yes,no,yes,no,no,0,yes,unfurnished,,,1,,"VND 1,715,000",,0
"VND 3,423,000",40.4,1,1,1,yes,no,no,no,no,0,no,unfurnished,,,0,,"VND 1,711,500",,1
"VND 3,395,000",47.85,1,1,2,yes,yes,yes,no,yes,1,no,furnished,,,1,,"VND 1,697,500",,0
"VND 3,395,000",34.5,1,1,1,yes,no,yes,no,no,2,no,unfurnished,,,1,,"VND 1,697,500",,0
"VND 3,395,000",36.4,1,1,1,yes,no,no,no,no,0,no,furnished,,,0,,"VND 1,697,500",,0
"VND 3,360,000",35,2,1,2,yes,no,no,no,yes,2,no,unfurnished,,,1,,"VND 1,680,000",,1
"VND 3,360,000",49.6,2,1,3,no,no,no,no,no,0,no,semi-furnished,,,0,,"VND 1,680,000",,1
"VND 3,360,000",41.2,1,1,2,yes,no,no,no,no,0,no,unfurnished,,,0,,"VND 1,680,000",,0
"VND 3,360,000",47.5,1,1,1,yes,no,no,no,no,0,no,unfurnished,,,1,,"VND 1,680,000",,1
"VND 3,360,000",37.2,1,1,1,no,no,no,no,yes,0,no,unfurnished,,,1,,"VND 1,680,000",,0
"VND 3,360,000",37.5,1,1,1,yes,no,no,no,no,0,no,unfurnished,,,0,,"VND 1,680,000",,1
"VND 3,360,000",31,1,1,2,no,no,yes,no,no,0,no,semi-furnished,,,1,,"VND 1,680,000",,0
"VND 3,360,000",31.85,1,1,1,yes,no,yes,no,no,2,no,furnished,,,1,,"VND 1,680,000",,1
"VND 3,353,000",27,1,1,1,no,no,no,no,no,0,no,furnished,,,1,,"VND 1,676,500",,1
"VND 3,332,000",21.45,1,1,2,yes,no,yes,no,no,0,yes,furnished,,,1,,"VND 1,666,000",,0
"VND 3,325,000",40.4,1,1,1,yes,no,no,no,no,1,no,unfurnished,,,1,,"VND 1,662,500",,0
"VND 3,325,000",47.75,2,1,2,yes,no,no,no,no,0,no,unfurnished,,,0,,"VND 1,662,500",,1
"VND 3,290,000",25,1,1,1,no,no,no,no,yes,0,no,unfurnished,,,1,,"VND 1,645,000",,1
"VND 3,290,000",31.8,2,1,2,yes,no,yes,no,yes,0,no,unfurnished,,,1,,"VND 1,645,000",,0
"VND 3,290,000",60.6,1,1,1,yes,yes,yes,no,no,0,no,furnished,,,0,,"VND 1,645,000",,0
"VND 3,290,000",34.8,2,1,2,no,no,no,no,no,1,no,semi-furnished,,,0,,"VND 1,645,000",,0
"VND 3,290,000",37.92,2,1,2,yes,no,no,no,no,0,no,semi-furnished,,,1,,"VND 1,645,000",,0
"VND 3,290,000",40.4,1,1,1,yes,no,no,no,no,0,no,unfurnished,,,1,,"VND 1,645,000",,1
"VND 3,290,000",21.45,1,1,2,yes,no,yes,no,no,0,yes,furnished,,,1,,"VND 1,645,000",,0
"VND 3,290,000",58.8,1,1,1,yes,no,no,no,no,1,no,unfurnished,,,0,,"VND 1,645,000",,1
"VND 3,255,000",45,1,1,1,no,no,no,no,no,0,no,semi-furnished,,,1,,"VND 1,627,500",,1
"VND 3,255,000",39.3,1,1,1,no,no,no,no,no,0,no,unfurnished,,,1,,"VND 1,627,500",,1
"VND 3,234,000",36.4,2,1,2,yes,no,yes,no,no,0,no,unfurnished,,,1,,"VND 1,617,000",,1
"VND 3,220,000",43.7,1,1,2,yes,no,no,no,no,0,no,unfurnished,,,1,,"VND 1,610,000",,0
"VND 3,220,000",26.84,1,1,1,yes,no,no,no,yes,1,no,unfurnished,,,0,,"VND 1,610,000",,0
"VND 3,220,000",43.2,1,1,1,no,no,no,no,no,1,no,unfurnished,,,1,,"VND 1,610,000",,0
"VND 3,220,000",31.2,1,1,2,no,no,no,no,no,0,no,furnished,,,1,,"VND 1,610,000",,0
"VND 3,150,000",34.5,1,1,1,yes,no,no,no,no,0,no,furnished,,,0,,"VND 1,575,000",,1
"VND 3,150,000",39.86,1,2,1,no,yes,yes,no,no,1,no,unfurnished,,,0,,"VND 1,575,000",,1
"VND 3,150,000",35,1,1,1,no,no,yes,no,no,0,no,semi-furnished,,,0,,"VND 1,575,000",,1
"VND 3,150,000",40.95,1,1,1,yes,no,no,no,no,2,no,semi-furnished,,,1,,"VND 1,575,000",,0
"VND 3,150,000",16.5,1,1,2,no,no,yes,no,no,0,no,unfurnished,,,1,,"VND 1,575,000",,1
"VND 3,150,000",34.5,1,1,2,yes,no,yes,no,no,0,no,semi-furnished,,,0,,"VND 1,575,000",,0
"VND 3,150,000",67.5,1,1,1,yes,no,no,no,no,0,no,semi-furnished,,,1,,"VND 1,575,000",,0
"VND 3,150,000",90,1,1,2,yes,no,no,no,no,2,no,semi-furnished,,,1,,"VND 1,575,000",,1
"VND 3,150,000",30.69,1,1,1,yes,no,no,no,no,1,no,unfurnished,,,0,,"VND 1,575,000",,1
"VND 3,143,000",45,1,1,2,yes,no,no,no,yes,0,no,unfurnished,,,0,,"VND 1,571,500",,0
"VND 3,129,000",54.95,1,1,1,yes,no,yes,no,no,0,no,unfurnished,,,1,,"VND 1,564,500",,1
"VND 3,118,850",23.98,1,1,1,yes,no,no,no,no,0,yes,semi-furnished,,,1,,"VND 1,559,425",,1
"VND 3,115,000",30,1,1,1,no,no,no,no,yes,0,no,unfurnished,,,1,,"VND 1,557,500",,0
"VND 3,115,000",38.5,1,1,2,yes,no,no,no,no,0,no,unfurnished,,,1,,"VND 1,557,500",,0
"VND 3,115,000",35,1,1,1,yes,no,no,no,no,0,no,unfurnished,,,0,,"VND 1,557,500",,0
"VND 3,087,000",81,1,1,1,yes,no,no,no,no,1,no,unfurnished,,,1,,"VND 1,543,500",,0
"VND 3,080,000",49.6,1,1,1,yes,no,yes,no,yes,0,no,unfurnished,,,1,,"VND 1,540,000",,0
"VND 3,080,000",21.6,1,1,2,no,no,yes,no,no,0,no,semi-furnished,,,1,,"VND 1,540,000",,1
"VND 3,080,000",30.9,1,1,1,yes,yes,yes,no,no,0,no,unfurnished,,,0,,"VND 1,540,000",,1
"VND 3,080,000",45,1,1,2,yes,no,no,yes,no,1,no,semi-furnished,,,0,,"VND 1,540,000",,1
"VND 3,045,000",38,1,1,1,yes,no,no,no,no,0,no,unfurnished,,,0,,"VND 1,522,500",,0
"VND 3,010,000",30.9,1,1,2,no,no,no,no,no,0,no,semi-furnished,,,0,,"VND 1,505,000",,1
"VND 3,010,000",32.4,1,1,2,yes,no,no,no,no,2,no,semi-furnished,,,0,,"VND 1,505,000",,0
"VND 3,010,000",28.35,1,1,1,yes,no,no,no,no,0,no,semi-furnished,,,0,,"VND 1,505,000",,1
"VND 3,010,000",46,1,1,1,yes,no,no,no,no,0,no,furnished,,,0,,"VND 1,505,000",,1
"VND 3,010,000",50.76,1,1,1,no,no,no,no,no,0,no,unfurnished,,,1,,"VND 1,505,000",,0
"VND 3,010,000",37.5,1,1,2,yes,no,no,no,no,0,no,unfurnished,,,1,,"VND 1,505,000",,1
"VND 3,010,000",36.3,2,1,2,yes,no,no,no,no,3,no,semi-furnished,,,0,,"VND 1,505,000",,0
"VND 3,003,000",80.5,1,1,1,yes,no,no,no,no,0,no,unfurnished,,,1,,"VND 1,501,500",,0
"VND 2,975,000",43.52,2,1,2,no,no,no,no,no,1,no,unfurnished,,,1,,"VND 1,487,500",,1
"VND 2,961,000",30,1,1,2,yes,no,no,no,no,0,no,semi-furnished,,,0,,"VND 1,480,500",,1
"VND 2,940,000",58.5,1,1,2,yes,no,yes,no,no,1,no,unfurnished,,,1,,"VND 1,470,000",,0
"VND 2,940,000",49.6,1,1,1,yes,no,no,no,no,0,no,unfurnished,,,1,,"VND 1,470,000",,0
"VND 2,940,000",36,1,1,2,no,no,no,no,no,1,no,unfurnished,,,1,,"VND 1,470,000",,1
"VND 2,940,000",36.6,2,1,2,no,no,no,no,no,0,no,unfurnished,,,1,,"VND 1,470,000",,1
"VND 2,940,000",34.8,1,1,2,no,no,no,no,no,1,no,semi-furnished,,,0,,"VND 1,470,000",,1
"VND 2,940,000",27,1,1,1,no,no,no,no,no,0,no,furnished,,,0,,"VND 1,470,000",,1
"VND 2,940,000",31.5,1,1,2,no,no,no,no,no,0,no,unfurnished,,,0,,"VND 1,470,000",,1
"VND 2,940,000",66.15,1,1,2,yes,no,no,no,no,0,no,semi-furnished,,,1,,"VND 1,470,000",,0
"VND 2,870,000",30.4,1,1,1,no,no,no,no,no,0,no,unfurnished,,,1,,"VND 1,435,000",,0
"VND 2,870,000",36.3,1,1,1,yes,no,no,no,no,0,no,unfurnished,,,1,,"VND 1,435,000",,1
"VND 2,870,000",60,1,1,1,yes,no,no,no,no,0,no,semi-furnished,,,1,,"VND 1,435,000",,1
"VND 2,870,000",54,2,1,2,yes,no,no,no,no,0,no,unfurnished,,,1,,"VND 1,435,000",,1
"VND 2,852,500",52,2,1,3,yes,no,no,no,no,0,no,unfurnished,,,0,,"VND 1,426,250",,0
"VND 2,835,000",33,1,1,2,no,no,no,no,no,1,no,semi-furnished,,,0,,"VND 1,417,500",,1
"VND 2,835,000",43.5,1,1,2,no,no,no,yes,no,1,no,unfurnished,,,0,,"VND 1,417,500",,0
"VND 2,835,000",26.4,1,1,1,no,no,no,no,no,1,no,furnished,,,0,,"VND 1,417,500",,1
"VND 2,800,000",26.5,1,1,2,yes,no,yes,no,no,1,no,unfurnished,,,1,,"VND 1,400,000",,0
"VND 2,800,000",39.6,1,1,1,yes,no,no,no,no,0,no,furnished,,,0,,"VND 1,400,000",,0
"VND 2,730,000",68,1,1,1,yes,no,no,no,no,0,no,unfurnished,,,0,,"VND 1,365,000",,0
"VND 2,730,000",40,1,1,2,yes,no,no,no,no,1,no,unfurnished,,,0,,"VND 1,365,000",,0
"VND 2,695,000",40,1,1,1,yes,no,no,no,no,0,no,unfurnished,,,0,,"VND 1,347,500",,0
"VND 2,660,000",39.34,1,1,1,yes,no,no,no,no,0,no,unfurnished,,,1,,"VND 1,330,000",,0
"VND 2,660,000",20,1,1,2,yes,no,no,no,no,0,no,semi-furnished,,,0,,"VND 1,330,000",,0
"VND 2,660,000",36.3,1,3,2,no,yes,no,no,no,0,no,unfurnished,,,1,,"VND 1,330,000",,1
"VND 2,660,000",28,1,1,1,yes,no,no,no,no,0,no,unfurnished,,,1,,"VND 1,330,000",,1
"VND 2,660,000",24.3,1,1,1,no,no,no,no,no,0,no,unfurnished,,,0,,"VND 1,330,000",,1
"VND 2,660,000",34.8,1,1,1,yes,no,no,no,no,1,no,semi-furnished,,,0,,"VND 1,330,000",,1
"VND 2,660,000",40,1,1,1,yes,no,no,no,no,0,no,semi-furnished,,,1,,"VND 1,330,000",,0
"VND 2,653,000",31.85,1,1,1,yes,no,no,no,yes,0,no,unfurnished,,,1,,"VND 1,326,500",,1
"VND 2,653,000",40,1,1,2,yes,no,no,no,yes,0,no,unfurnished,,,0,,"VND 1,326,500",,1
"VND 2,604,000",29.1,1,1,1,no,no,no,no,no,0,no,unfurnished,,,1,,"VND 1,302,000",,1
"VND 2,590,000",36,1,1,1,yes,no,no,no,no,0,no,unfurnished,,,1,,"VND 1,295,000",,0
"VND 2,590,000",44,1,1,1,yes,no,no,no,no,0,no,unfurnished,,,1,,"VND 1,295,000",,0
"VND 2,590,000",36,1,2,2,yes,no,yes,no,no,1,no,furnished,,,0,,"VND 1,295,000",,0
"VND 2,520,000",28.8,1,1,1,no,no,no,no,no,0,no,unfurnished,,,1,,"VND 1,260,000",,0
"VND 2,520,000",31.8,1,1,1,no,no,no,no,no,0,no,unfurnished,,,0,,"VND 1,260,000",,0
"VND 2,520,000",30,1,1,2,yes,no,no,no,no,0,no,furnished,,,1,,"VND 1,260,000",,0
"VND 2,485,000",44,1,1,2,yes,no,no,no,no,0,no,unfurnished,,,0,,"VND 1,242,500",,0
"VND 2,485,000",30,1,1,2,no,no,no,no,no,0,no,semi-furnished,,,1,,"VND 1,242,500",,0
"VND 2,450,000",32.1,1,1,2,yes,no,yes,no,no,0,no,unfurnished,,,0,,"VND 1,225,000",,0
"VND 2,450,000",32.4,1,1,1,no,yes,no,no,no,1,no,unfurnished,,,0,,"VND 1,225,000",,0
"VND 2,450,000",30,1,1,1,yes,no,no,no,no,1,no,unfurnished,,,0,,"VND 1,225,000",,0
"VND 2,450,000",35,1,1,1,yes,yes,no,no,no,0,no,unfurnished,,,0,,"VND 1,225,000",,0
"VND 2,450,000",48.4,1,1,2,yes,no,no,no,no,0,no,unfurnished,,,0,,"VND 1,225,000",,0
"VND 2,450,000",77,1,1,1,yes,no,no,no,no,0,no,unfurnished,,,1,,"VND 1,225,000",,0
"VND 2,408,000",36.35,1,1,1,no,no,no,no,no,0,no,unfurnished,,,0,,"VND 1,204,000",,0
"VND 2,380,000",24.75,1,1,2,yes,no,no,no,no,0,no,furnished,,,0,,"VND 1,190,000",,0
"VND 2,380,000",27.87,2,2,2,yes,no,no,no,no,0,no,furnished,,,1,,"VND 1,190,000",,0
"VND 2,380,000",32.64,1,1,1,yes,no,no,no,no,0,no,unfurnished,,,1,,"VND 1,190,000",,0
"VND 2,345,000",36.4,1,1,1,yes,no,no,no,no,0,no,unfurnished,,,1,,"VND 1,172,500",,0
"VND 2,310,000",31.8,1,1,1,yes,no,no,no,no,0,no,unfurnished,,,0,,"VND 1,155,000",,0
"VND 2,275,000",18.36,1,1,1,no,no,yes,no,no,0,no,semi-furnished,,,0,,"VND 1,137,500",,0
"VND 2,275,000",39.7,1,1,1,no,no,no,no,no,0,no,unfurnished,,,1,,"VND 1,137,500",,0
"VND 2,275,000",39.7,1,1,2,yes,no,yes,no,no,0,no,unfurnished,,,1,,"VND 1,137,500",,0
"VND 2,240,000",19.5,1,1,1,no,no,no,yes,no,0,no,unfurnished,,,1,,"VND 1,120,000",,0
"VND 2,233,000",53,1,1,1,no,no,no,no,yes,0,yes,unfurnished,,,0,,"VND 1,116,500",,0
"VND 2,135,000",30,1,1,1,no,no,no,no,no,0,no,unfurnished,,,1,,"VND 1,067,500",,0
"VND 2,100,000",24,1,1,2,yes,no,no,no,no,0,no,unfurnished,,,1,,"VND 1,050,000",,0
"VND 2,100,000",30,2,1,2,yes,no,no,no,no,0,no,unfurnished,,,1,,"VND 1,050,000",,0
"VND 2,100,000",33.6,1,1,1,yes,no,no,no,no,1,no,unfurnished,,,1,,"VND 1,050,000",,0
"VND 1,960,000",34.2,2,1,2,no,no,no,no,no,0,no,unfurnished,,,0,,"VND 980,000",,0
"VND 1,890,000",17,1,1,2,yes,no,no,no,no,0,no,unfurnished,,,0,,"VND 945,000",,0
"VND 1,890,000",36.49,1,1,1,yes,no,no,no,no,0,no,unfurnished,,,0,,"VND 945,000",,0
"VND 1,855,000",29.9,1,1,1,no,no,no,no,no,1,no,unfurnished,,,0,,"VND 927,500",,0
"VND 1,820,000",30,1,1,1,yes,no,yes,no,no,2,no,unfurnished,,,0,,"VND 910,000",,0
"VND 1,767,150",24,1,1,1,no,no,no,no,no,0,no,semi-furnished,,,0,,"VND 883,575",,0
"VND 1,750,000",36.2,1,1,1,yes,no,no,no,no,0,no,unfurnished,,,0,,"VND 875,000",,0
"VND 1,750,000",29.1,1,1,1,no,no,no,no,no,0,no,furnished,,,1,,"VND 875,000",,0
"VND 1,750,000",38.5,1,1,2,yes,no,no,no,no,0,no,unfurnished,,,1,,"VND 875,000",,0
